ID,y_pred,y,Age,Income,Exp_Inc,Avgexp,Ownrent,Selfempl,Depndt,Inc_per,Cur_add,Major,Active
1319,1,,31.08333,1515,0.0007920792,0.0,0,0,2,505,20,1,0
1318,0,,46.41667,3.5,0.1096431,319.7925,1,0,1,1.75,121,0,5
1317,0,,27.91667,3.96,0.01257576,40.83333,0,0,2,1.32,7,1,5
1316,0,,30.25,4506,0.1337421,502.2017,0,0,2,1502,38,1,7
1315,0,,53.25,3.96,0.002424242,7.083333,1,0,1,1.98,180,0,5
1314,1,,23.5,2.5,0.00048,0.0,0,0,0,2.5,36,0,0
1313,0,,40.58333,2.5685,0.05233015,111675,0,0,0,2.5685,54,1,3
1312,1,,37.0,3.8,0.2456279,777.8217,1,0,0,3.8,97,1,6
1311,0,,33.25,1.7,0.006725882,8.778334,0,0,0,1.7,146,1,17
1310,1,,52.25,3.7,0.0003243243,0.0,0,0,4,0.74,1,1,6
1309,0,,37.58333,2.9623,0.002227999,4.583333,1,1,1,1.48115,93,1,13
1308,0,,25.66667,1.7,0.08007,113.0992,0,0,1,0.85,27,1,8
1307,0,,0.5,3.7,0.01063703,32.46416,0,0,0,3.7,186,0,5
1306,0,,32.91667,3.0,0.068022,169.8883,0,0,0,3.0,216,0,5
1305,0,,26.16667,4.0,0.0012,3.166667,0,0,2,1.333333,18,0,0
1304,1,,36.91667,2.6,0.0004615385,0.0,1,0,1,1.3,54,1,14
1303,0,,23.5,2.8,0.003928571,8.333333,1,0,0,2.8,12,1,3
1302,0,,29.33333,3.5,0.1257411,366745,0,0,0,3.5,19,1,0
1301,1,,38.25,2.4852,0.0004828585,0.0,0,0,2,0.8284,24,1,10
1300,0,,51.66667,3.0,0.07210633,179.7658,1,0,0,3.0,121,1,0
1299,0,,26.5,2.6,0.1106477,239.4867,1,0,0,2.6,12,1,13
1298,0,,38.91667,3.0,0.04979033,124.4758,1,0,1,1.5,84,1,11
1297,0,,43.08333,2.4317,0.08052638,163.18,0,0,2,0.8105667,18,1,28
1296,0,,33.16667,3.4,0.1436397,406.9792,1,0,1,1.7,36,1,7
1295,0,,63.16667,5.5,0.02048182,93625,1,0,1,2.75,192,1,15
1294,0,,40.75,8.0,0.04667138,311.1425,1,0,2,2.666667,38,1,0
1293,0,,39.0,3.5,0.04514543,131.6742,1,0,2,1.166667,113,0,13
1292,0,,33.25,3.6,0.02599111,77.80666,0,0,3,0.9,16,1,9
1291,0,,35.5,5.5,0.01289636,58.60833,0,0,0,5.5,36,1,2
1290,0,,30.0,1.85,0.1075816,165855,0,0,0,1.85,60,1,12
1289,0,,25.25,2.88,0.04106146,98.46416,0,0,0,2.88,7,1,0
1288,0,,31.25,5.0,0.0743784,309.91,1,0,2,1.666667,12,1,12
1287,0,,27.58333,5.5,0.2204731,1010502,0,1,0,5.5,72,1,11
1286,0,,27.0,2675,0.03482019,77.28667,1,0,0,2675,135,1,0
1285,1,1.0,37.08333,5.49,0.160214,732.9792,1,0,1,2745,60,1,19
1284,0,0.0,47.41667,4.92,0.0448939,183.8983,1,1,1,2.46,288,1,14
1283,1,0.0,44.66667,2.4,0.0005,0.0,0,0,0,2.4,36,1,11
1282,1,1.0,22.5,1.8,0.0006666667,0.0,0,0,2,0.6,4,1,0
1281,0,0.0,40.66667,5.05,0.02842812,119.3017,1,0,0,5.05,128,1,10
1280,1,1.0,19.5,1.56,0.0007692308,0.0,1,0,0,1.56,46,0,3
1279,0,0.0,41.66667,2.4752,0.06724951,138.5467,0,0,2,0.8250667,222,0,10
1278,0,0.0,25.08333,2.65,0.009650944,20.47917,0,0,0,2.65,12,1,9
1277,1,1.0,29.5,3.0,0.0004,0.0,1,0,2,1.0,60,1,8
1276,0,0.0,23.83333,3.0,0.08901566,222.5392,0,0,0,3.0,12,1,5
1275,0,0.0,24.0,2.1,0.0836781,146.27,1,0,0,2.1,24,1,14
1274,1,1.0,56.0,1.45,0.0008275862,0.0,1,0,0,1.45,242,1,4
1273,0,0.0,24.16667,2.8896,0.08017754,193.0675,0,0,0,2.8896,12,0,0
1272,1,1.0,23.83333,2.55,0.0004705882,0.0,1,0,2,0.85,24,1,0
1271,0,0.0,37.75,5.9,0.06604102,324.6183,1,0,3,1475,28,1,11
1270,0,1.0,32.75,6.0,0.08980783,449.0392,0,0,0,6.0,6,0,17
1269,0,0.0,23.5,2.8,0.06339286,147.3333,0,0,0,2.8,64,1,8
1268,0,0.0,49.83333,6.9,0.06075971,349.2017,1,0,3,1725,160,0,0
1267,1,1.0,26.33333,1.5,0.0008,0.0,0,0,0,1.5,8,1,0
1266,0,0.0,24.91667,3.4,0.1063297,301.0175,0,0,0,3.4,17,1,7
1265,1,1.0,25.41667,4.0,0.0003,0.0,0,0,0,4.0,36,1,32
1264,0,1.0,28.16667,2.5,0.0032,5.833333,0,0,1,1.25,24,1,6
1263,0,0.0,27.16667,2.2,0.007309545,12.65083,0,0,0,2.2,60,0,2
1262,0,0.0,24.83333,1.51,0.205298,258.1667,1,0,0,1.51,30,1,2
1261,1,1.0,32.16667,2.8,0.0004285714,0.0,1,0,3,0.7,106,0,11
1260,0,0.0,40.75,6.0,0.06123966,306.0317,0,1,2,2.0,182,1,16
1259,0,0.0,25.58333,3.41,0.006522581,17785,1,0,1,1705,7,1,6
1258,0,0.0,30.66667,2.5,0.0611788,127.3725,1,0,1,1.25,24,1,23
1257,0,0.0,52.41667,2.4,0.06928459,138.5692,0,1,1,1.2,96,1,2
1256,0,0.0,44.33333,4.3,0.01639512,57.91583,1,0,3,1075,156,1,9
1255,0,0.0,28.91667,2.75,0.3822785,875.8884,1,0,1,1375,3,1,3
1254,0,0.0,45.58333,2.4,0.01216667,23.58333,1,0,2,0.8,122,1,11
1253,1,1.0,28.33333,3.3,0.0003636364,0.0,0,0,1,1.65,36,1,17
1252,0,0.0,43.33333,3.9495,0.1571475,517.2117,1,0,6,0.5642143,3,0,0
1251,1,1.0,33.25,3.7,0.0003243243,0.0,1,0,2,1.233333,72,1,0
1250,0,0.0,19.0,2.8,0.1672143,390.1667,1,0,0,2.8,10,0,0
1249,0,0.0,28.25,2.55,0.2395941,509.0542,0,0,1,1275,90,1,3
1248,1,1.0,26.66667,2.0,0.0006,0.0,0,1,1,1.0,63,1,2
1247,1,1.0,25.83333,3.9,0.0003076923,0.0,0,0,0,3.9,18,1,3
1246,0,0.0,23.75,2.8,0.014875,34125,0,0,2,0.9333333,48,1,8
1245,0,0.0,20.16667,1.5,0.1196407,149.5508,0,0,0,1.5,3,1,3
1244,0,0.0,28.41667,2.4304,0.2284344,462.6558,1,0,2,0.8101333,29,1,17
1243,1,1.0,35.58333,5.1,0.0002352941,0.0,1,0,1,2.55,63,1,8
1242,1,1.0,28.33333,1.9324,0.0006209894,0.0,0,0,2,0.6441333,74,1,4
1241,0,0.0,22.25,2.8,0.2532993,590.9484,1,0,1,1.4,6,1,7
1240,0,0.0,32.0,2.6,0.002961538,5.583333,0,0,0,2.6,84,1,21
1239,1,1.0,36.16667,2408,0.0004983389,0.0,0,0,4,0.4816,14,1,0
1238,0,0.0,31.83333,2.4192,0.05800388,116.3525,0,0,0,2.4192,24,1,7
1237,0,0.0,23.33333,2.55,0.007960784,16.25,0,0,1,1275,6,1,0
1236,0,0.0,27.33333,2.75,0.06718982,153.7267,0,0,0,2.75,6,1,3
1235,0,0.0,25.08333,1.5,0.0128,15.41667,0,0,1,0.75,12,1,7
1234,0,0.0,55.16667,6.7,0.03858522,214.9342,1,0,1,3.35,300,1,13
1233,0,0.0,39.91667,2.25,0.05117067,95.52834,1,0,0,2.25,240,1,7
1232,0,0.0,24.25,2.0,0.0559685,93.1975,0,0,0,2.0,18,1,12
1231,0,0.0,28.08333,5.47,0.02919232,133.0683,1,0,3,1.3675,18,1,0
1230,0,0.0,61.0,1.5,0.2685167,335.5625,1,0,1,0.75,372,1,24
1229,0,0.0,36.41667,2.2,0.01145455,20.33333,1,0,0,2.2,77,1,0
1228,1,1.0,33.83333,3.8,0.0003157895,0.0,1,0,0,3.8,153,1,11
1227,0,1.0,27.75,2.7,0.09362111,210.6475,0,0,0,2.7,9,1,13
1226,0,0.0,27.75,2.2,0.1403464,257.3017,0,0,0,2.2,3,0,1
1225,0,0.0,21.08333,1.5344,0.004301356,4.583333,0,0,0,1.5344,14,1,11
1224,0,0.0,41.0,6825,0.1168532,664.6025,0,0,2,2275,12,1,0
1223,0,0.0,21.58333,3.12,0.08677917,225.4592,0,0,1,1.56,10,0,6
1222,1,1.0,22.91667,2.07,0.0005797101,0.0,0,0,0,2.07,1,1,0
1221,0,0.0,50.33333,7.1,0.04148197,245.3517,1,0,2,2.366667,12,1,0
1220,0,0.0,38.16667,5.1,0.02130902,90.06333,0,0,0,5.1,60,1,7
1219,1,1.0,32.75,3.0,0.0004,0.0,1,0,3,0.75,32,1,7
1218,1,1.0,32.25,2.25,0.0005333333,0.0,0,0,1,1125,42,0,13
1217,0,0.0,24.08333,2.25,0.1584613,297.0317,0,0,1,1125,10,1,9
1216,0,0.0,22.41667,1.95,0.03733385,60.58417,0,0,0,1.95,3,1,0
1215,0,0.0,42.16667,4.04,0.01336535,44.41333,0,0,0,4.04,5,1,6
1214,0,1.0,49.16667,3.7,0.143523,442.4458,0,0,4,0.74,216,1,11
1213,0,0.0,25.25,1.8,0.4559923,683.9883,1,0,0,1.8,98,1,2
1212,1,1.0,43.25,3.95,0.0003037975,0.0,1,0,2,1.316667,27,1,4
1211,0,0.0,26.08333,2.0,0.1700255,282.8758,0,0,0,2.0,2,1,2
1210,1,1.0,45.75,3.4,0.0003529412,0.0,0,0,0,3.4,28,1,10
1209,1,1.0,26.16667,2.5,0.00048,0.0,0,1,0,2.5,18,0,0
1208,0,0.0,35.91667,4.2,0.002619048,8.333333,1,0,4,0.84,59,1,13
1207,1,1.0,36.0,4.5,0.0002666667,0.0,1,0,2,1.5,228,1,0
1206,0,0.0,42.66667,2.59,0.03148378,67.53584,1,1,3,0.6475,96,1,5
1205,0,0.0,49.41667,2.4,0.04437958,88.5925,0,1,0,2.4,14,1,6
1204,0,0.0,42.16667,5.2,0.01342865,57.44083,1,0,3,1.3,29,1,9
1203,0,0.0,27.16667,2.5,0.0887728,184.9433,0,0,0,2.5,12,1,8
1202,0,0.0,27.58333,2.6,0.03666654,79.36083,0,0,0,2.6,168,1,5
1201,0,0.0,40.33333,2.0,0.0723855,120.5592,0,0,0,2.0,24,1,4
1200,0,0.0,39.5,9.9999,0.06579486,548035,1,1,0,9.9999,28,1,0
1199,0,0.0,22.16667,2.4,0.08183375,163.4175,0,0,0,2.4,23,1,0
1198,0,0.0,29.83333,3.0,0.1059863,264.9658,1,0,1,1.5,51,0,11
1197,0,0.0,23.33333,1.85,0.06057946,93.31,0,0,0,1.85,4,1,1
1196,0,0.0,33.25,3.18,0.3058082,810.3917,0,0,4,636,18,0,3
1195,1,1.0,27.08333,2.7,0.0004444444,0.0,0,0,1,1.35,169,0,6
1194,0,0.0,39.66667,5.1,0.05751137,244.4233,1,0,3,1275,132,1,15
1193,0,0.0,46.5,3.5,0.04229,122.9292,0,1,2,1.166667,48,1,1
1192,0,0.0,47.33333,10.4,0.2309477,2001547,1,0,2,3.466667,9,0,0
1191,0,0.0,31.33333,3.2,0.04113469,109.6092,0,0,2,1.066667,17,1,0
1190,0,0.0,21.08333,2.2,0.3152637,577.9833,0,0,0,2.2,143,1,6
1189,0,0.0,22.91667,1.92,0.02146354,34.09167,1,0,2,0.64,12,1,21
1188,0,0.0,45.75,5.0,0.001525,5.520833,1,0,0,5.0,144,1,14
1187,1,1.0,40.83333,2.5,0.00048,0.0,1,0,1,1.25,96,1,8
1186,1,1.0,59.0,3.5,0.0003428572,0.0,0,0,0,3.5,365,0,5
1185,1,1.0,25.33333,1.6,0.00075,0.0,0,0,0,1.6,93,1,0
1184,1,1.0,48.25,6.8,0.0001764706,0.0,1,1,1,3.4,56,0,20
1183,0,0.0,33.16667,5.6,0.08529589,398.0475,1,0,4,1.12,84,1,4
1182,0,0.0,51.25,5.3,0.04344189,191.7017,0,0,1,2.65,108,1,2
1181,0,0.0,27.91667,4.0,0.03709175,123.2225,1,0,2,1.333333,2,1,0
1180,1,1.0,38.0,3.27,0.2386927,650.4375,0,0,2,1.09,7,1,3
1179,0,0.0,32.16667,2.3,0.2000322,383.3117,0,0,1,1.15,63,1,6
1178,0,0.0,56.91667,1.92,0.2004224,320.6758,1,1,1,0.96,64,1,9
1177,0,0.0,24.41667,2.8,0.0146375,33.57083,0,0,0,2.8,60,1,11
1176,0,0.0,28.41667,6.9,0.07231405,415.8058,1,0,0,6.9,14,1,0
1175,0,0.0,22.41667,2.0,0.115791,192.8183,0,0,0,2.0,8,1,8
1174,0,0.0,29.83333,2.8,0.03458607,80.45084,1,0,0,2.8,80,1,14
1173,0,0.0,0.5,3.05,0.1017243,258.5492,0,0,1,1525,94,1,5
1172,1,1.0,20.16667,1.8,0.0006666667,0.0,0,0,0,1.8,4,0,1
1171,0,0.0,24.83333,4.0,0.00165,4.583333,0,1,2,1.333333,48,1,4
1170,1,1.0,22.75,1.8,0.0006666667,0.0,0,0,0,1.8,6,1,2
1169,0,0.0,29.75,3.0,0.046713,116.4492,1,0,1,1.5,12,1,8
1168,0,0.0,38.91667,2136,0.05966339,106.2008,0,0,1,1068,66,1,14
1167,1,1.0,28.41667,2.0,0.0006,0.0,0,0,0,2.0,108,1,0
1166,0,0.0,38.41667,3.8,0.05987158,189.1767,1,0,0,3.8,23,1,6
1165,0,0.0,62.0,1638,0.04700183,64.07417,1,0,0,1638,270,0,1
1164,0,1.0,26.0,1.7305,0.09120428,131.5242,0,0,0,1.7305,8,1,10
1163,0,0.0,27.08333,3.25,0.008601538,22.4625,1,0,0,3.25,48,1,6
1162,0,0.0,45.91667,4.0,0.03421425,113.6308,1,0,2,1.333333,24,0,16
1161,0,0.0,39.16667,3.12,0.02673974,69.27333,1,1,2,1.04,66,1,5
1160,1,1.0,26.83333,2.6,0.0004615385,0.0,0,0,0,2.6,12,1,9
1159,1,1.0,36.5,4.0,0.0003,0.0,1,0,0,4.0,28,1,12
1158,0,0.0,51.58333,12.4999,0.2975549,3099505,1,0,1,6.24995,120,1,21
1157,0,0.0,46.33333,3.05,0.003491803,8125,1,0,0,3.05,96,0,4
1156,1,1.0,56.75,8.0,0.00015,0.0,1,0,0,8.0,408,1,7
1155,0,0.0,24.66667,3074,0.2508032,642.4742,0,0,0,3074,4,1,0
1154,0,0.0,48.33333,3.7,0.03722216,114.6017,1,0,2,1.233333,192,0,7
1153,0,0.0,24.83333,2.7,0.1720774,387.1742,0,0,1,1.35,18,1,4
1152,0,0.0,31.75,2.4,0.1869583,373.4167,0,0,1,1.2,54,0,1
1151,0,0.0,35.25,2.35,0.02238596,43.33917,1,0,2,0.7833334,115,1,1
1150,0,0.0,38.83333,5.4,0.01299352,58.05416,1,1,0,5.4,108,1,17
1149,0,0.0,32.5,3.7,0.003456757,9.741667,0,0,0,3.7,86,1,8
1148,0,0.0,45.58333,4.9,0.01453408,58.93083,1,0,2,1.633333,159,1,4
1147,1,1.0,25.83333,1.65,0.0007272727,0.0,0,0,0,1.65,36,1,5
1146,0,0.0,27.41667,2.0,0.111812,186.3533,0,0,0,2.0,9,1,5
1145,0,0.0,37.08333,5.2,0.05915846,256.1867,0,0,0,5.2,12,0,0
1144,0,0.0,30.75,2.4585,0.1503596,308.0492,1,0,2,0.8195,53,1,16
1143,0,1.0,54.58333,2.64,0.02984697,65.24667,1,0,1,1.32,78,1,19
1142,1,1.0,39.91667,3.6,0.0003333333,0.0,0,0,0,3.6,14,0,0
1141,0,0.0,46.33333,1.6,0.04630688,61.7425,0,0,0,1.6,162,1,11
1140,0,0.0,0.75,1.6,0.1541906,205.2542,0,0,0,1.6,1,1,9
1139,0,1.0,40.41667,3.3,0.03977939,108.9767,0,0,1,1.65,58,1,14
1138,0,0.0,21.75,3.5,0.090862,265.0142,0,0,2,1.166667,42,1,9
1137,0,0.0,20.5,1.54,0.08959676,114.8158,0,0,0,1.54,6,1,2
1136,0,0.0,22.0,1.75,0.6214691,906.3092,0,0,0,1.75,2,1,0
1135,0,0.0,27.25,1.8,0.07033833,105.5075,1,0,2,0.6,6,1,4
1134,0,0.0,22.16667,3.0,0.05111367,127.5342,0,0,0,3.0,120,1,11
1133,0,0.0,21.41667,2.15,0.2658507,476.3158,0,0,0,2.15,30,1,0
1132,0,1.0,40.83333,3.73,0.05783512,179.7708,1,0,1,1865,151,1,7
1131,0,0.0,31.83333,4075,0.007014479,22.98667,1,0,1,2.0375,101,1,9
1130,0,0.0,25.25,2.16,0.02055556,36.33333,0,0,0,2.16,38,0,2
1129,1,1.0,32.08333,2.16,0.0005555556,0.0,0,0,0,2.16,42,0,0
1128,0,0.0,30.58333,3.2,0.1486019,396.2717,1,0,2,1.066667,12,0,7
1127,1,1.0,28.33333,2.5,0.00048,0.0,0,0,0,2.5,82,1,0
1126,0,0.0,29.58333,2.86,0.2015343,480.3233,0,0,0,2.86,47,1,1
1125,1,1.0,36.83333,3.0,0.0004,0.0,1,0,1,1.5,12,1,16
1124,0,0.0,40.16667,1.9,0.1059958,167.8267,1,0,3,475,108,1,17
1123,0,0.0,43.58333,4.3681,0.04429271,160.4792,1,0,2,1.456033,110,1,10
1122,1,1.0,31.0,3.25,0.0003692308,0.0,0,0,1,1625,72,1,7
1121,0,0.0,29.08333,4.58,0.01286856,48615,0,0,0,4.58,50,1,7
1120,0,0.0,30.83333,2.98,0.04374329,108.2958,0,0,3,745,36,1,9
1119,0,0.0,25.16667,1.8,0.09848222,147.7233,0,0,0,1.8,1,0,9
1118,0,0.0,38.41667,5.6,0.0934841,436.2592,1,0,4,1.12,114,0,7
1117,0,0.0,49.83333,0.21,0.2718571,47.24166,1,0,2,0.07,42,1,1
1116,0,0.0,50.91667,1.75,0.2131486,310.8417,0,0,0,1.75,36,1,1
1115,1,1.0,30.08333,3.12,0.0003846154,0.0,0,0,2,1.04,12,0,5
1114,0,0.0,27.91667,2.04,0.01792304,30.0525,1,0,2,0.68,38,1,4
1113,0,0.0,32.16667,2.0,0.023269,38365,0,0,2,0.6666666,24,1,4
1112,0,0.0,30.66667,3.15,0.06829016,179.1783,1,0,1,1575,19,1,9
1111,1,1.0,49.75,3.6,0.0003333333,0.0,0,0,2,1.2,12,0,0
1110,0,0.0,36.25,2.52,0.06781389,142.2425,0,0,2,0.84,53,0,3
1109,1,1.0,35.16667,3.84,0.0003125,0.0,0,0,0,3.84,38,0,2
1108,1,1.0,31.25,1.78,0.0006741573,0.0,0,0,0,1.78,14,1,0
1107,0,0.0,21.25,2.25,0.03186978,59.08916,0,0,0,2.25,15,1,1
1106,0,0.0,25.33333,3.0,0.1900073,475.0183,0,0,0,3.0,10,0,0
1105,0,0.0,30.33333,2.6,0.2956862,640.6533,1,0,0,2.6,25,1,4
1104,0,0.0,28.0,2.4,0.0337825,67.39833,0,0,1,1.2,24,1,4
1103,0,0.0,26.41667,3.5,0.1319654,384.8992,0,0,2,1.166667,12,1,0
1102,1,1.0,20.91667,2.9,0.0004137931,0.0,0,0,0,2.9,36,1,3
1101,0,0.0,39.58333,8.1,0.09833618,663.7692,1,0,3,2025,43,1,13
1100,0,1.0,34.08333,8.1,0.1107659,747.67,1,1,3,2025,36,1,15
1099,1,1.0,53.66667,4.18,0.0002870813,0.0,0,0,1,2.09,288,1,2
1098,0,0.0,24.91667,2.9,0.0005086207,0.3125,1,0,0,2.9,60,1,8
1097,0,0.0,26.41667,4.38,0.03736278,136.1242,1,0,5,0.73,24,1,6
1096,0,0.0,39.58333,2.6,0.02623077,56.33333,1,0,3,0.65,70,1,9
1095,1,1.0,35.08333,1.7,0.0007058823,0.0,0,0,0,1.7,90,1,10
1094,0,0.0,31.33333,2.2,0.04216182,77.04667,1,0,2,0.7333333,17,1,16
1093,0,0.0,32.08333,2.4,0.1426413,285.2825,1,0,0,2.4,96,0,8
1092,1,1.0,39.33333,2.3004,0.0005216484,0.0,0,1,0,2.3004,46,1,3
1091,0,0.0,39.75,3.5,0.03496943,101.4942,1,0,0,3.5,12,1,0
1090,0,0.0,28.16667,3.5,0.0016,3.75,1,0,1,1.75,31,1,7
1089,0,0.0,30.75,4.3,0.1346951,482.6575,1,0,4,0.86,16,1,7
1088,0,1.0,43.25,6.72,0.03142812,175.9975,1,0,3,1.68,30,1,27
1087,1,1.0,25.16667,2.5,0.00048,0.0,0,1,1,1.25,30,1,18
1086,0,0.0,25.08333,3.12,0.04245641,110.3033,0,0,2,1.04,3,1,6
1085,0,0.0,28.08333,3.0,0.06997,174925,0,0,0,3.0,18,1,11
1084,0,0.0,47.16667,1.94,0.01680412,26.5,0,0,0,1.94,10,0,13
1083,1,1.0,22.91667,2.05,0.0005853659,0.0,0,0,0,2.05,42,0,4
1082,1,1.0,24.58333,1.9,0.000631579,0.0,0,0,1,0.95,14,0,4
1081,1,1.0,40.91667,3.2388,0.0003705076,0.0,0,0,0,3.2388,50,1,16
1080,1,1.0,40.5,4.0128,0.0002990431,0.0,0,0,1,2.0064,12,1,17
1079,1,1.0,22.5,2.5,0.00048,0.0,0,0,3,625,30,0,0
1078,1,1.0,20.58333,1.2,1,0.0,0,1,1,0.6,24,1,0
1077,0,1.0,26.58333,2.45,0.1217171,248.5058,0,0,0,2.45,5,1,15
1076,0,1.0,47.5,3.1,0.1792845,463.1517,0,0,0,3.1,24,1,15
1075,0,0.0,27.83333,3.5,0.05023229,146.4275,1,0,2,1.166667,17,1,11
1074,0,0.0,41.58333,2.3,0.04575044,87105,1,0,0,2.3,42,1,12
1073,0,0.0,24.0,2.7811,0.05255475,121.6333,0,0,0,2.7811,3,1,0
1072,0,1.0,56.91667,3.4838,0.0628954,182.0958,1,0,0,3.4838,540,1,7
1071,1,1.0,24.75,2.3,0.0005217391,0.0,0,0,0,2.3,24,1,12
1070,0,0.0,20.41667,2.2375,0.05063821,93.91917,0,0,0,2.2375,27,1,1
1069,0,0.0,51.91667,6.8,0.002705882,14.66667,0,0,0,6.8,38,0,5
1068,0,0.0,46.25,6.8,0.007138088,40.19917,1,1,0,6.8,48,1,2
1067,0,0.0,40.08333,4.3,0.03419023,122515,0,0,0,4.3,108,1,4
1066,0,0.0,25.66667,2.2,0.02147727,38.70833,1,0,1,1.1,26,1,7
1065,0,0.0,48.16667,1.7,0.01221235,16.63417,1,0,0,1.7,108,1,18
1064,0,0.0,35.33333,4.5,0.01804822,67.0975,1,0,1,2.25,14,1,0
1063,0,0.0,41.66667,5.5,0.03244491,148.3725,1,0,3,1375,9,1,0
1062,0,0.0,30.83333,3.0,0.062629,156.5725,1,0,2,1.0,72,1,8
1061,0,0.0,27.16667,2.3558,0.01112149,21.33333,1,0,2,0.7852666,6,1,5
1060,0,0.0,41.08333,2.8,0.03716286,86.54667,1,0,0,2.8,48,0,6
1059,1,1.0,30.33333,3.6,0.0003333333,0.0,0,0,0,3.6,108,1,16
1058,0,0.0,29.33333,3.2,0.05367281,142.8775,0,0,0,3.2,36,0,6
1057,0,0.0,24.25,1.8,0.1336028,200.2375,1,0,0,1.8,151,1,5
1056,0,0.0,20.66667,2.0,0.100224,167.04,0,0,0,2.0,14,1,1
1055,0,0.0,48.91667,3.5,0.067888,197.9233,1,0,0,3.5,48,1,9
1054,1,1.0,38.75,4.7,0.0002553191,0.0,1,0,3,1175,36,1,8
1053,0,0.0,23.25,1.8,0.03098167,46.05584,0,0,1,0.9,4,0,0
1052,1,1.0,35.0,9.9999,0.1101059,917.54,1,0,0,9.9999,72,1,29
1051,0,0.0,40.33333,2.8,0.03813821,88.73917,0,0,3,0.7,19,0,0
1050,1,1.0,53.0,2.16,0.0005555556,0.0,0,1,0,2.16,74,0,5
1049,0,0.0,47.16667,7.0,0.05167186,301.2525,1,0,1,3.5,144,1,8
1048,0,0.0,37.16667,3.84,0.0118375,37.71333,0,0,3,0.96,10,1,0
1047,0,0.0,33.66667,3.5,0.002742857,7.166667,0,0,0,3.5,12,1,0
1046,1,1.0,35.41667,2.78,0.0004316547,0.0,0,0,0,2.78,6,1,0
1045,0,1.0,29.16667,2.2,0.03820546,69.79333,0,0,0,2.2,49,1,7
1044,0,0.0,36.0,4.0,0.0920405,306.4683,1,0,0,4.0,12,1,11
1043,0,1.0,48.66667,6.0,0.1770172,885.0858,1,0,3,1.5,114,1,19
1042,0,0.0,31.0,2.6,0.0841927,182.1675,0,0,0,2.6,5,1,0
1041,0,1.0,23.25,2.2,0.2345391,429905,1,0,0,2.2,228,0,9
1040,1,1.0,21.5,1.56,0.0007692308,0.0,1,0,0,1.56,1,1,12
1039,0,0.0,55.08333,6.7,0.07986075,445.8058,1,0,0,6.7,35,1,0
1038,0,0.0,44.5,2.95,0.2008407,493.7333,0,0,0,2.95,180,1,13
1037,0,0.0,28.16667,2.0,0.06025,100.4167,1,0,1,1.0,38,0,8
1036,0,0.0,40.91667,9.9999,0.07620686,635.0508,1,0,3,2.499975,120,1,17
1035,1,1.0,19.0,1.97,0.0006091371,0.0,0,0,1,985,24,1,2
1034,0,1.0,29.41667,3.2,0.1567194,417835,0,0,0,3.2,14,1,6
1033,0,0.0,31.5,2.47,0.09478866,195.0233,0,0,3,0.6175,94,1,2
1032,0,0.0,22.5,1.8,0.1196106,178.9158,0,0,0,1.8,6,0,2
1031,0,0.0,29.08333,5.0,0.1619782,674.9092,1,0,4,1.0,3,1,0
1030,0,0.0,41.16667,3.2,0.1258194,335435,1,0,1,1.6,168,1,22
1029,1,0.0,29.0,2.7,0.0004444444,0.0,0,0,0,2.7,24,1,20
1028,0,0.0,30.58333,1.8,0.01989944,29.51583,0,0,0,1.8,6,1,10
1027,1,1.0,23.25,1434,0.0008368201,0.0,1,0,0,1434,12,1,6
1026,0,0.0,31.16667,2.0,0.1235615,205.9358,1,0,1,1.0,42,0,6
1025,0,0.0,25.0,1.8804,0.00297809,3.75,0,0,0,1.8804,4,1,5
1024,0,0.0,24.66667,3.4,0.05114029,144.3975,0,0,0,3.4,12,1,8
1023,1,1.0,24.91667,6.0,0.0002,0.0,0,0,2,2.0,17,1,2
1022,0,0.0,34.75,2.0,0.0033,4.583333,1,0,2,0.6666666,38,1,6
1021,1,1.0,25.33333,2.64,0.0004545455,0.0,0,0,0,2.64,24,1,33
1020,0,0.0,31.58333,3.0,0.2136177,533.6275,0,0,0,3.0,7,1,1
1019,0,0.0,45.83333,3.48,0.06486379,188105,1,1,1,1.74,16,1,21
1018,0,0.0,18.75,1968,0.06387195,103.9167,0,0,0,1968,64,0,1
1017,0,0.0,24.41667,1.9,0.2731216,432.3592,0,0,0,1.9,19,1,6
1016,0,0.0,21.91667,2.4,0.2326392,465195,1,0,1,1.2,168,1,4
1015,1,1.0,23.0,2.4,0.0005,0.0,0,0,0,2.4,1,1,0
1014,1,1.0,30.41667,2.6,0.0004615385,0.0,0,0,0,2.6,228,1,14
1013,1,1.0,40.0,2.4,0.0005,0.0,0,0,0,2.4,72,1,6
1012,0,1.0,60.08333,6.1,0.0943482,479.4367,1,0,1,3.05,244,1,14
1011,0,1.0,29.83333,2.45,0.1085196,220.8942,0,0,2,0.8166667,84,1,13
1010,0,0.0,32.58333,1.8142,0.05414067,81435,1,0,0,1.8142,9,1,22
1009,1,1.0,69.75,1.8,0.0006666667,0.0,1,0,0,1.8,528,0,5
1008,0,0.0,23.33333,2.7,0.1686141,379.2983,0,0,0,2.7,2,1,0
1007,0,0.0,60.25,2.8,0.04372321,101.8542,1,0,3,0.7,232,1,7
1006,0,0.0,29.25,1.8,0.08336612,124.6325,0,0,0,1.8,51,1,3
1005,0,0.0,39.41667,3.1,0.1696903,438.3667,1,0,2,1.033333,18,1,3
1004,0,0.0,33.08333,3.5,0.05705314,166.2383,0,0,0,3.5,26,1,1
1003,0,0.0,41.08333,2.0,0.0055,8.333333,1,0,0,2.0,9,0,4
1002,0,0.0,18.5,2.5,0.2115316,440.6908,0,0,0,2.5,4,0,1
1001,0,0.0,37.41667,2.5,0.0298332,61.73583,1,0,2,0.8333333,120,0,4
1000,1,1.0,34.0,2.4875,0.0004824121,0.0,0,0,1,1.24375,87,1,3
999,0,0.0,33.83333,1.8,0.1132511,169.8767,0,0,0,1.8,4,1,8
998,0,0.0,45.66667,5.8,0.03306483,159.73,1,0,0,5.8,118,1,6
997,0,0.0,24.5,2.1,0.3213481,562.3592,0,0,0,2.1,28,1,5
996,0,0.0,26.08333,2.35,0.04285106,83.08334,0,0,1,1175,30,0,2
995,0,0.0,35.83333,1.8829,0.1364475,214.0975,0,0,1,0.94145,3,1,12
994,1,1.0,27.41667,1.64,0.0007317073,0.0,0,0,0,1.64,104,1,0
993,0,0.0,37.66667,2385,0.1676499,332.7042,1,1,0,2385,168,1,13
992,0,0.0,51.66667,2.5,0.0193976,39.91167,1,0,0,2.5,138,0,3
991,0,0.0,35.16667,2.2,0.1334473,244.6533,1,0,1,1.1,13,1,9
990,0,0.0,41.66667,2.7,0.04356111,97.5125,1,0,2,0.9,28,1,11
989,1,1.0,28.16667,2.6,0.0004615385,0.0,1,0,2,0.8666667,31,1,3
988,0,0.0,41.58333,3.82,0.1451636,462.0208,0,0,2,1.273333,36,1,2
987,0,0.0,39.25,3.4064,0.06364079,180655,0,1,1,1.7032,120,1,7
986,0,1.0,40.16667,2.0,0.2548275,424.6292,1,0,1,1.0,121,1,10
985,1,1.0,26.5,2.0,0.0006,0.0,1,0,2,0.6666666,60,1,7
984,0,0.0,27.66667,2.6,0.07505192,162.4458,0,0,2,0.8666667,60,1,6
983,0,0.0,25.08333,7.5,0.04870107,304.3817,1,0,0,7.5,300,1,8
982,0,0.0,24.08333,2.3,0.03099,59.1475,0,0,0,2.3,12,1,0
981,1,1.0,47.0,2.35,0.0005106383,0.0,0,0,0,2.35,159,1,4
980,0,0.0,37.16667,2.0,0.026928,44.46333,0,0,1,1.0,38,0,3
979,1,1.0,27.58333,2.35,0.0005106383,0.0,0,0,3,0.5875,6,1,0
978,1,1.0,34.25,2.4,0.0005,0.0,0,0,0,2.4,27,1,2
977,0,0.0,26.33333,2.45,0.05493143,111.8183,0,0,0,2.45,6,1,11
976,1,1.0,38.66667,3.0,0.0004,0.0,0,0,0,3.0,36,0,2
975,0,0.0,31.08333,5.1,0.1696612,721.06,1,0,3,1275,15,1,9
974,0,0.0,27.75,4.6,0.1057439,405.3517,1,0,4,0.92,28,1,13
973,1,1.0,25.66667,1.8504,0.0006485084,0.0,0,0,0,1.8504,14,1,0
972,1,1.0,31.08333,4.2,0.0002857143,0.0,0,0,3,1.05,52,0,19
971,0,0.0,45.75,4.4,0.004863637,17.08333,1,0,3,1.1,12,1,18
970,0,1.0,33.91667,2.0,0.9063205,1510534,0,0,0,2.0,12,1,5
969,0,0.0,38.75,3.2,0.01478031,38.9975,1,0,2,1.066667,24,1,19
968,0,0.0,32.16667,9.7867,0.06705059,546.5033,1,0,2,3.262233,64,1,5
967,0,0.0,26.5,3.36,0.002625298,6.5175,0,0,0,3.36,12,1,4
966,0,0.0,38.33333,5.0,0.0572476,238365,1,0,3,1.25,9,1,0
965,0,1.0,28.25,2.3,0.03489609,66.30083,1,0,1,1.15,24,1,14
964,0,0.0,47.83333,3.1131,0.02505766,64.75584,0,0,0,3.1131,7,1,16
963,0,1.0,36.16667,7.8,0.01210897,78.54166,1,0,1,3.9,24,1,18
962,0,0.0,32.83333,1.32,0.03875531,42.63083,0,0,1,0.66,6,1,2
961,0,0.0,33.75,5.0,0.0501734,209.0558,1,0,3,1.25,10,1,10
960,0,0.0,39.5,3.0,0.016231,40.3275,1,0,3,0.75,14,1,9
959,0,0.0,30.58333,2512,0.002627389,4.583333,0,1,3,628,36,0,4
958,0,0.0,44.08333,4.0,0.02011975,66.7325,1,1,2,1.333333,120,1,12
957,0,1.0,46.0,10032,0.01013447,84.39083,1,0,2,3344,134,1,15
956,1,1.0,37.41667,7.0,0.0001714286,0.0,1,0,4,1.4,120,1,10
955,0,0.0,36.41667,3.0,0.1130587,282.5633,0,0,2,1.0,16,1,6
954,0,0.0,46.25,2.0,0.00685,10.58333,1,0,0,2.0,76,1,1
953,0,0.0,43.83333,3.25,0.05890216,159.36,1,0,2,1.083333,109,1,6
952,0,0.0,31.66667,3.2,0.01378125,36.25,0,0,1,1.6,12,1,1
951,0,0.0,27.91667,2.52,0.08961231,188.1858,0,0,1,1.26,12,1,0
950,0,1.0,55.33333,3.7,0.05220054,160.4517,1,0,1,1.85,300,1,4
949,1,1.0,30.83333,4.35,0.0002758621,0.0,0,0,0,4.35,28,1,5
948,0,0.0,26.08333,2.5,0.0637624,132.5883,1,0,0,2.5,14,1,13
947,0,0.0,42.08333,2.68,0.1430284,319.43,0,0,1,1.34,84,1,0
946,0,1.0,41.83333,5.0,0.1501082,625.3675,1,0,3,1.25,84,1,7
945,1,1.0,28.58333,3.12,0.0003846154,0.0,0,0,0,3.12,13,0,7
944,0,0.0,34.83333,3.6,0.03882722,116315,1,1,4,0.72,48,1,8
943,0,0.0,34.16667,2616,0.03886773,84.73167,0,0,2,872,3,1,12
942,1,1.0,25.16667,2534,0.0004735596,0.0,0,0,0,2534,14,1,3
941,0,0.0,25.33333,3.24,0.02563117,68.87083,0,0,0,3.24,30,1,19
940,0,0.0,30.33333,2.45,0.05832653,119.0,0,0,0,2.45,8,1,0
939,0,0.0,29.33333,2.4,0.02494458,49.55583,0,0,0,2.4,30,1,4
938,1,0.0,29.08333,2.2,0.0005454546,0.0,0,0,0,2.2,9,1,0
937,0,0.0,28.75,2.5,0.01238,25.29167,1,0,0,2.5,27,1,16
936,0,0.0,20.5,2.0,0.038431,63.55167,0,0,0,2.0,111,1,6
935,1,1.0,30.16667,4.16,0.0002884615,0.0,1,1,2,1.386667,37,1,15
934,0,0.0,44.5,9.0,0.2599927,1949862,0,0,2,3.0,4,1,7
933,1,1.0,41.75,3.5,0.0003428572,0.0,1,0,2,1.166667,38,1,19
932,0,0.0,28.16667,4375,0.02481051,89955,1,0,1,2.1875,84,0,1
931,0,0.0,43.91667,2.8,0.04662429,108.6233,1,0,0,2.8,147,1,1
930,1,1.0,36.33333,2.95,0.0004067797,0.0,0,0,1,1475,72,1,3
929,0,0.0,27.25,3264,0.02482904,67.20167,0,0,0,3264,16,1,5
928,0,0.0,23.0,3.2,0.01710906,45.12417,0,0,0,3.2,14,1,0
927,1,1.0,24.58333,1.68,0.0007142857,0.0,0,0,2,0.56,2,1,8
926,0,0.0,47.58333,5.04,0.05146786,216165,0,0,3,1.26,47,1,9
925,1,1.0,39.58333,0.49,0.00244898,0.0,1,0,2,0.1633333,100,1,0
924,0,0.0,36.58333,7.0,0.01020614,59.11917,1,0,3,1.75,18,1,5
923,0,0.0,22.08333,1.65,0.04985151,68.54583,0,0,0,1.65,36,1,3
922,1,1.0,30.0,1.73,0.0006936416,0.0,1,0,1,865,42,0,12
921,1,1.0,28.0,1.5,0.0008,0.0,0,0,1,0.75,5,0,0
920,0,0.0,67.16666,4.4692,0.002148035,7.083333,0,0,1,2.2346,36,1,1
919,0,0.0,33.83333,3.5,0.02189943,63.45667,1,0,0,3.5,12,1,8
918,0,0.0,24.83333,2.4,0.26509,530.18,0,0,1,1.2,24,1,13
917,0,0.0,30.16667,2.8,0.1643857,383.5667,0,0,0,2.8,12,1,6
916,0,0.0,21.58333,3.12,0.03396795,88.23333,0,0,0,3.12,56,1,3
915,1,1.0,40.58333,3.1,0.0003870968,0.0,1,0,1,1.55,66,1,5
914,0,0.0,22.25,1.5,0.058608,73.17667,0,0,0,1.5,64,1,6
913,0,1.0,54.66667,7.29,0.1065361,647.2067,1,0,2,2.43,78,1,9
912,0,0.0,40.33333,2.5,0.0509016,105.9617,0,0,1,1.25,24,1,2
911,1,1.0,25.41667,1.5,0.0008,0.0,0,1,4,0.3,48,0,1
910,0,0.0,28.16667,3.5,0.1119657,326.5667,1,0,2,1.166667,48,0,7
909,0,0.0,41.08333,4.5,0.1431333,536.25,1,0,2,1.5,6,1,10
908,0,0.0,22.0,3.2905,0.01756572,48.08333,0,0,2,1.096833,21,1,5
907,1,1.0,25.58333,1.75,0.0006857143,0.0,0,0,0,1.75,108,0,0
906,1,1.0,32.08333,2.7161,0.0004418099,0.0,0,0,1,1.35805,60,0,10
905,0,0.0,26.08333,2.23,0.05652018,104.7833,0,0,0,2.23,12,1,1
904,1,1.0,34.66667,3.3,0.0003636364,0.0,0,0,3,825,48,0,3
903,0,0.0,40.41667,5.43,0.007506077,33215,0,0,0,5.43,14,1,11
902,0,0.0,37.33333,5.92,0.03028024,149.2992,1,0,2,1.973333,48,1,7
901,1,1.0,30.33333,2.3,0.0005217391,0.0,0,1,3,575,15,1,9
900,0,1.0,29.16667,2.58,0.1680209,361.1617,0,0,0,2.58,6,1,12
899,0,0.0,35.25,3.7,0.1221516,376.6342,1,0,1,1.85,12,1,0
898,0,0.0,47.41667,3.6,0.03811111,113.75,1,1,2,1.2,120,1,12
897,1,1.0,24.58333,2.2,0.0005454546,0.0,0,0,0,2.2,6,1,8
896,0,0.0,28.91667,2.1,0.1384924,242195,0,0,2,0.7,24,1,7
895,1,1.0,37.33333,3.9,0.0916836,297.9717,0,0,0,3.9,51,1,4
894,0,0.0,25.66667,2.0,0.0049,7.416667,0,0,0,2.0,26,1,13
893,0,1.0,32.66667,6.0,0.09483,474.15,1,0,0,6.0,48,1,6
892,1,1.0,30.16667,2.4,0.0005,0.0,0,1,2,0.8,72,1,11
891,0,0.0,29.25,2.51,0.04510837,94.26833,0,0,1,1255,12,0,0
890,0,0.0,39.58333,2.5,0.1922148,400.4475,0,0,0,2.5,12,1,4
889,1,1.0,40.0,4.9875,0.0002406015,0.0,1,0,2,1.6625,32,1,16
888,0,0.0,25.83333,3.5,0.054492,158.6017,0,0,0,3.5,34,0,2
887,1,1.0,35.16667,1.5,0.0008,0.0,0,0,1,0.75,7,1,9
886,0,0.0,32.41667,2.75,0.3767844,862.9642,1,0,2,0.9166667,27,1,9
885,0,0.0,26.75,5.77,0.07547747,362.7542,1,0,1,2885,13,1,11
884,0,0.0,24.33333,2.4,0.1813192,362.6383,0,0,0,2.4,16,1,0
883,0,0.0,26.58333,2.2,0.07969773,145.6958,0,0,0,2.2,30,1,3
882,0,0.0,31.58333,2.55,0.1429055,303.6742,0,0,1,1275,60,1,7
881,1,1.0,44.83333,2.6,0.0004615385,0.0,1,0,0,2.6,48,1,1
880,0,0.0,39.41667,1.56,0.04665384,60.06667,0,0,0,1.56,25,1,3
879,0,0.0,27.33333,2.15,0.2703846,484.4392,0,0,0,2.15,6,1,12
878,1,1.0,43.25,5.0,0.00024,0.0,1,1,4,1.0,144,1,11
877,0,0.0,22.83333,2.5,0.4028644,839.3008,0,0,0,2.5,4,1,1
876,0,0.0,26.41667,2.8,0.0921725,215.0692,0,0,1,1.4,12,1,16
875,0,0.0,45.58333,13.5,0.01031111,115.4167,1,0,2,4.5,126,1,9
874,1,0.0,21.66667,1.56,0.0007692308,0.0,0,0,0,1.56,12,1,2
873,0,0.0,27.08333,2.5224,0.2354365,494.8875,0,0,1,1.2612,100,1,3
872,0,0.0,37.66667,4.52,0.03326991,124.9833,1,0,3,1.13,54,1,12
871,0,0.0,34.0,2205,0.04400998,80.86833,1,0,2,735,4,1,10
870,0,1.0,38.58333,4.0,0.1139598,379.8658,0,0,0,4.0,120,1,8
869,0,0.0,26.83333,2.32,0.007586207,14.0,0,0,0,2.32,2,1,0
868,0,0.0,25.66667,5.5,0.1535069,703.4067,1,0,1,2.75,30,1,13
867,0,1.0,36.33333,3.85,0.01171896,37015,0,0,1,1925,36,1,8
866,1,1.0,23.91667,1636,0.0007334963,0.0,0,0,1,818,13,1,0
865,1,1.0,48.75,2.7,0.0004444444,0.0,0,1,0,2.7,120,1,3
864,0,0.0,30.41667,4.15,0.1505325,520.3417,0,0,1,2075,16,1,4
863,0,0.0,26.75,2.15,0.03427907,61.33333,0,0,0,2.15,10,0,4
862,0,0.0,26.08333,3.5,0.08595,250.5208,0,0,0,3.5,52,1,2
861,1,1.0,52.75,3.1,0.0003870968,0.0,1,0,2,1.033333,75,1,9
860,1,1.0,26.75,4.9,0.000244898,0.0,0,0,2,1.633333,6,1,0
859,0,0.0,24.58333,2.2,0.06938273,127.1183,1,0,0,2.2,229,0,1
858,0,1.0,26.0,7.0,0.221529,1292003,0,1,0,7.0,13,1,31
857,0,0.0,55.25,4.9,0.06697714,273.49,1,0,2,1.633333,96,1,17
856,0,1.0,29.5,2.08,0.03545144,61.19917,1,0,2,0.6933333,12,1,11
855,0,0.0,27.83333,1.99,0.06038794,100.1433,1,0,1,995,12,1,5
854,0,0.0,49.0,3.3,0.04070939,111.6175,1,0,0,3.3,252,1,0
853,0,0.0,61.08333,4.32,0.03697246,132.8508,1,0,1,2.16,252,0,0
852,0,0.0,31.5,5905,0.0251939,123.8917,0,0,1,2.9525,12,1,2
851,0,0.0,29.08333,4.01,0.002743142,8.333333,0,0,0,4.01,120,1,15
850,0,0.0,25.33333,2.4,0.1066462,213.2925,0,0,0,2.4,5,1,10
849,0,0.0,27.33333,3.2875,0.03242008,88.8175,0,0,1,1.64375,54,1,12
848,0,0.0,39.75,2.45,0.0714951,145.7192,1,0,3,0.6125,38,1,8
847,1,1.0,32.58333,2.16,0.0005555556,0.0,1,0,1,1.08,38,0,8
846,0,0.0,25.41667,2.7,0.06417074,144.3842,1,0,1,1.35,17,1,8
845,0,0.0,23.75,3.0,0.1172833,293.0417,0,0,0,3.0,14,1,0
844,0,0.0,39.83333,1.7123,0.0930713,132.4717,0,0,0,1.7123,72,1,0
843,1,1.0,35.5,2.9,0.0004137931,0.0,0,0,1,1.45,102,1,21
842,0,0.0,23.5,1.83,0.07156994,108.9775,0,0,1,915,12,0,10
841,0,0.0,27.08333,1.89,0.04420053,69.0325,0,0,0,1.89,51,1,12
840,0,0.0,22.08333,1566,0.07067624,91.7325,0,0,0,1566,18,1,1
839,1,1.0,28.5,2.0,0.0006,0.0,0,0,3,0.5,0,1,2
838,0,0.0,34.16667,2.37,0.05412025,106.7208,1,0,0,2.37,38,1,13
837,0,0.0,23.16667,2.85,0.08745825,207.7133,1,0,1,1425,50,0,8
836,1,1.0,37.25,3.5,0.0003428572,0.0,1,0,2,1.166667,15,1,9
835,0,0.0,26.58333,2.2,0.05078546,93.10667,0,0,0,2.2,144,1,10
834,0,0.0,44.0,5.8,0.07990742,386.0525,1,0,4,1.16,25,1,16
833,0,0.0,23.83333,2.97,0.08264108,204.5367,0,0,0,2.97,4,1,7
832,0,0.0,54.41667,9.0,0.06282978,470.9733,1,0,3,2.25,147,1,6
831,0,0.0,19.16667,1.9,0.2829621,448.0233,0,0,0,1.9,192,0,1
830,0,0.0,42.91667,4.0,0.07213325,240.2775,0,0,2,1.333333,180,1,9
829,1,1.0,38.0,1.7095,0.0007019597,0.0,0,0,2,0.5698333,42,1,2
828,1,1.0,23.91667,3192,0.0003759399,0.0,0,0,3,798,12,1,5
827,0,0.0,31.08333,2.8,0.08684428,202.47,1,0,3,0.7,15,1,17
826,0,0.0,29.91667,1.51,0.05125828,63.91667,0,0,1,755,7,0,1
825,0,0.0,34.08333,4.85,0.04899547,198.0233,1,0,2,1.616667,114,1,12
824,0,0.0,25.91667,3.7,0.08436351,260.1208,1,0,0,3.7,236,1,6
823,1,1.0,22.0,2.1,0.0005714286,0.0,1,0,0,2.1,209,1,10
822,0,0.0,52.41667,1.89,0.02392328,37.42916,0,0,0,1.89,240,1,6
821,0,0.0,20.83333,2.0,0.00475,7.083333,1,1,0,2.0,18,0,3
820,1,1.0,25.91667,2.07,0.0005797101,0.0,0,0,0,2.07,20,0,7
819,0,0.0,28.33333,2.6,0.05487154,118.7217,0,0,0,2.6,33,1,4
818,1,1.0,43.16667,5.32,0.0002255639,0.0,1,0,5,0.8866667,110,1,7
817,0,0.0,41.83333,2.75,0.019072,43.20667,1,0,1,1375,136,0,9
816,0,0.0,22.0,2.7,0.04682963,105.2833,0,0,0,2.7,15,1,7
815,1,1.0,27.5,1.85,0.0006486487,0.0,0,0,0,1.85,24,1,12
814,0,0.0,61.16667,5.0,0.0457034,190.4308,1,0,2,1.666667,6,0,0
813,1,0.0,36.5,3.5,0.2171703,633.4133,1,0,0,3.5,95,1,17
812,0,0.0,22.5,2535,0.1013325,214065,1,0,2,845,23,1,9
811,0,0.0,51.75,3.8,0.01511711,47.7875,1,0,1,1.9,51,1,5
810,1,0.0,19.83333,3.0,0.0004,0.0,0,0,0,3.0,49,1,3
809,1,1.0,40.5,3.57,0.0003361345,0.0,0,1,0,3.57,31,1,7
808,0,0.0,42.66667,5.14,0.008949417,37.58333,1,0,2,1.713333,13,1,17
807,1,1.0,25.91667,4.0,0.0003,0.0,0,0,0,4.0,36,0,5
806,0,0.0,25.25,1.76,0.1375511,201.6583,0,0,0,1.76,28,1,12
805,0,0.0,31.58333,6.5,0.1113085,602.9208,1,0,2,2.166667,12,1,6
804,0,0.0,28.0,3.1,0.2248926,580.9725,1,0,0,3.1,15,1,5
803,1,1.0,24.83333,2.8,0.0004285714,0.0,0,0,0,2.8,12,1,7
802,0,0.0,39.66667,3.0,0.1275373,318.51,1,0,0,3.0,72,1,9
801,0,0.0,40.75,5.0,0.1209914,503.5475,0,0,0,5.0,38,1,19
800,0,0.0,41.41667,3.5,0.003142857,8.333333,0,0,1,1.75,120,1,9
799,0,0.0,24.66667,1632,0.1754246,238.3275,0,0,1,816,4,1,5
798,0,0.0,33.08333,3.26,0.05273589,143.0158,0,0,0,3.26,37,1,18
797,0,0.0,36.0,3.0,0.121849,304.6225,0,0,1,1.5,180,1,5
796,1,1.0,31.0,4.0104,0.000299222,0.0,0,0,0,4.0104,42,1,0
795,0,0.0,26.5,2.7,0.04111704,92.26334,0,0,0,2.7,18,1,0
794,1,1.0,32.83333,5.0,0.00024,0.0,0,1,0,5.0,14,1,0
793,0,0.0,21.25,1.75,0.1932389,281.8067,0,0,0,1.75,6,0,3
792,0,0.0,24.91667,2938,0.02812798,68.53333,0,0,0,2938,14,1,0
791,0,0.0,41.25,3.6,0.1525236,457.4875,1,0,3,0.9,68,1,10
790,0,0.0,34.91667,2.1,0.05904476,103.3283,0,0,2,0.7,49,1,4
789,0,0.0,31.75,10.9999,0.01070092,97.42416,0,0,0,10.9999,12,1,0
788,0,0.0,26.25,3.0,0.124375,310.9375,1,0,0,3.0,7,1,10
787,0,0.0,27.25,3.18,0.09087579,240.8208,0,0,2,1.06,12,0,0
786,0,0.0,26.66667,2216,0.03075632,56.46333,0,0,0,2216,10,1,2
785,0,0.0,34.75,7.0,0.05023986,293.0658,1,0,3,1.75,3,1,0
784,0,0.0,20.16667,2.1,0.1538495,269.1533,0,0,1,1.05,27,0,6
783,0,0.0,31.91667,4.4,0.04042523,148.0592,1,0,2,1.466667,72,1,8
782,0,0.0,19.08333,2.6,0.1316562,285255,0,0,0,2.6,87,1,2
781,0,0.0,27.16667,2.6,0.8778461,1902.0,0,0,0,2.6,4,1,7
780,1,1.0,31.91667,2.1,0.0005714286,0.0,0,0,2,0.7,60,1,2
779,0,0.0,30.0,3.5,0.3527866,1028961,1,0,0,3.5,6,0,2
778,1,1.0,41.16667,4.74,0.0002531646,0.0,1,0,0,4.74,13,1,0
777,0,1.0,48.33333,3.0,0.03187233,79.17583,1,1,0,3.0,180,1,12
776,1,1.0,40.08333,4.4,0.0002727273,0.0,1,0,1,2.2,84,1,15
775,0,0.0,61.08333,5.3726,0.04957879,221.8892,1,1,0,5.3726,12,1,0
774,0,0.0,40.0,2.3115,0.02862341,54.96917,0,0,1,1.15575,158,1,9
773,0,0.0,49.16667,5.2,0.146526,634.8625,1,0,1,2.6,303,1,11
772,0,0.0,23.83333,2.35,0.06976553,136.0408,0,0,0,2.35,25,1,9
771,0,1.0,29.83333,3.7,0.595776,1836976,0,0,0,3.7,24,1,7
770,0,0.0,20.08333,1.74,0.1919466,277.9892,0,0,0,1.74,8,1,11
769,0,0.0,24.66667,2275,0.04983472,94145,1,0,2,0.7583333,31,1,6
768,1,1.0,22.66667,2.5,0.00048,0.0,0,0,0,2.5,27,1,0
767,0,0.0,46.0,5.5,0.05487727,251.5208,1,0,2,1.833333,161,1,7
766,0,0.0,39.08333,4.2,0.006554524,22.3575,1,0,0,4.2,24,1,5
765,1,1.0,31.08333,3.0,0.0004,0.0,1,0,2,1.0,51,1,2
764,1,1.0,42.0,3.4,0.0003529412,0.0,1,0,3,0.85,5,1,9
763,0,0.0,29.41667,3.65,0.08789534,267.3483,0,0,0,3.65,24,1,17
762,0,1.0,35.83333,2.4,0.071715,143.3467,1,0,0,2.4,27,1,18
761,1,0.0,49.16667,1.7,0.0007058823,0.0,0,0,1,0.85,14,0,6
760,0,0.0,26.5,3.0,0.04865566,121.5558,1,0,0,3.0,12,1,4
759,0,0.0,22.58333,2.2,0.07661773,140.2992,0,0,0,2.2,9,1,3
758,0,0.0,57.66667,2.5,0.05074,105125,1,0,0,2.5,24,1,13
757,1,1.0,23.25,1.62,0.0007407407,0.0,0,0,0,1.62,32,1,7
756,0,0.0,54.41667,1.5,0.01661133,20.18083,0,0,0,1.5,24,0,1
755,0,1.0,27.75,2.04,0.2145995,364.8192,0,0,0,2.04,24,1,10
754,0,0.0,28.75,7.0,0.1083524,631.9725,1,1,0,7.0,12,1,5
753,0,0.0,22.83333,3.5,0.04541571,132.1292,0,1,0,3.5,8,1,3
752,0,0.0,34.91667,5.0,0.4258454,1774356,1,0,3,1.25,36,1,7
751,0,0.0,39.41667,2.4,0.1922946,384.1725,0,0,1,1.2,96,1,7
750,1,1.0,25.83333,1.97,0.0006091371,0.0,0,0,0,1.97,7,1,6
749,1,1.0,38.5,5.97,0.000201005,0.0,1,0,1,2985,3,1,19
748,0,0.0,22.41667,3.9946,0.07619161,253.6292,0,0,0,3.9946,268,1,2
747,0,0.0,35.91667,2.62,0.2154031,470.2967,1,0,1,1.31,6,0,9
746,0,1.0,24.16667,3.25,0.1285348,347.9483,0,0,0,3.25,12,0,5
745,0,0.0,42.75,4.56,0.04965899,188.6208,0,0,0,4.56,144,1,11
744,0,0.0,45.66667,2308,0.2200399,423.1267,0,0,1,1154,94,1,5
743,0,1.0,44.91667,5.8,0.03635741,175.6442,1,0,2,1.933333,148,1,16
742,0,0.0,41.5,3.8,0.08315605,263.3275,0,0,0,3.8,67,1,4
741,0,0.0,27.16667,2.28,0.01492807,27.78,0,0,3,0.57,36,1,5
740,0,0.0,25.41667,1.56,0.1660628,215.8817,0,0,0,1.56,12,1,0
739,0,0.0,25.33333,1.56,0.03501987,44.9425,0,0,1,0.78,12,1,0
738,1,1.0,29.08333,2.86,0.0004195804,0.0,0,0,0,2.86,38,1,0
737,0,1.0,30.58333,3305,0.006686838,17.58333,0,0,0,3305,19,1,12
736,0,0.0,19.58333,1.65,0.07904787,108.6075,0,0,0,1.65,37,1,8
735,0,0.0,22.0,4.0,0.0480585,160.0283,1,0,0,4.0,27,1,4
734,0,0.0,38.08333,4.0,0.0092175,29975,1,0,0,4.0,16,1,8
733,0,0.0,24.25,3.75,0.09367893,292.6633,0,0,0,3.75,18,1,11
732,0,0.0,33.33333,2.1,0.1308376,228.9658,0,0,0,2.1,6,0,0
731,0,0.0,35.0,3.9,0.05496077,178.4558,1,0,2,1.3,36,1,7
730,0,0.0,33.66667,4.5,0.004155556,15.0,1,0,4,0.9,58,1,5
729,1,1.0,26.25,2.3,0.0005217391,0.0,0,0,0,2.3,66,1,3
728,0,0.0,34.83333,3.0,0.126377,315.9425,0,0,6,0.4285714,12,0,16
727,0,0.0,21.0,2.1,0.07551762,131.9892,1,0,0,2.1,194,1,5
726,0,0.0,23.58333,3.9,0.01830487,58.99083,0,0,1,1.95,14,1,7
725,0,0.0,40.0,3624,0.01570033,47.08167,1,0,3,906,124,1,19
724,0,0.0,48.25,3.7,0.1116186,344.1575,1,0,2,1.233333,2,1,0
723,0,0.0,33.0,3248,0.02089871,56.14917,0,0,2,1.082667,144,0,2
722,1,0.0,53.5,1.5,0.0008,0.0,1,0,0,1.5,57,0,6
721,0,0.0,25.75,4.0,0.026998,89.82667,0,0,0,4.0,60,0,5
720,1,1.0,36.91667,3.5,0.0003428572,0.0,1,0,2,1.166667,60,1,7
719,0,0.0,34.08333,3.5,0.06167429,179.7167,1,0,0,3.5,24,0,10
718,0,0.0,28.41667,2.5,0.193378,402.7875,1,0,0,2.5,18,1,7
717,1,1.0,27.66667,2.12,0.0005660377,0.0,0,0,0,2.12,44,1,10
716,0,0.0,39.58333,4.81,0.01105884,43.74417,1,0,1,2405,8,1,9
715,0,0.0,27.25,3.5,0.06670286,194.4667,0,0,0,3.5,6,1,0
714,0,0.0,42.41667,4.2,0.02501619,87.30666,1,0,4,0.84,36,1,14
713,0,0.0,32.33333,5.1,0.101359,430.6925,1,0,0,5.1,38,1,10
712,0,0.0,42.0,6.3,0.04065079,213.0,1,0,4,1.26,72,1,20
711,0,0.0,40.58333,4.6,0.02651261,101.2983,1,0,2,1.533333,1,1,2
710,1,1.0,28.16667,1.8,0.0006666667,0.0,0,1,2,0.6,26,1,2
709,0,0.0,25.5,2.8,0.1980021,461.9217,0,0,0,2.8,66,1,3
708,0,0.0,34.33333,6.0,0.017262,86.22667,1,0,1,3.0,48,1,5
707,0,0.0,22.0,2.7,0.03544926,79.51083,0,0,0,2.7,3,1,0
706,0,0.0,25.08333,2.8542,0.1362319,324.0275,0,1,1,1.4271,42,1,3
705,0,1.0,33.5,3.3748,0.1758282,494.4875,0,0,1,1.6874,66,1,15
704,0,0.0,41.66667,3.0,0.05293967,131.7658,1,0,0,3.0,166,1,7
703,0,0.0,29.41667,4.1,0.04264756,145.3792,0,0,0,4.1,13,1,0
702,0,0.0,31.75,2007,0.09045292,151.0325,0,0,1,1.0035,4,1,0
701,0,0.0,28.41667,2.8,0.01421429,32.66667,0,0,0,2.8,27,1,19
700,0,0.0,21.91667,1.95,0.03838103,61.9525,0,0,0,1.95,40,0,4
699,0,0.0,27.58333,2.76,0.01036232,23.25,0,0,0,2.76,30,1,1
698,0,0.0,49.66667,2.7,0.08877037,199.7333,1,0,0,2.7,120,0,3
697,1,1.0,36.58333,2.52,0.0004761905,0.0,1,0,0,2.52,77,1,9
696,0,0.0,30.16667,3.1,0.1816442,469.2475,1,0,2,1.033333,40,1,15
695,0,0.0,23.83333,1.56,0.3860019,501.8025,0,0,0,1.56,33,0,1
694,0,0.0,52.16667,5.0,0.0204978,85.24083,1,0,1,2.5,201,0,16
693,1,0.0,26.5,2.35,0.0005106383,0.0,0,0,0,2.35,36,1,11
692,0,0.0,39.75,2.42,0.01701942,34.15583,1,0,1,1.21,49,1,25
691,1,1.0,35.58333,4.0,0.0003,0.0,0,0,0,4.0,29,0,5
690,0,0.0,38.33333,2.6,0.004807692,9.583333,0,0,0,2.6,12,1,1
689,0,0.0,34.66667,4.8,0.06658583,266.3433,1,0,3,1.2,15,1,0
688,0,0.0,30.5,2.65,0.03147661,69.4275,0,0,3,0.6625,36,1,9
687,0,1.0,43.75,3.5,0.1329034,387.2183,1,0,3,875,180,0,19
686,0,0.0,43.08333,7.8,0.006685513,43.03917,1,0,0,7.8,60,0,2
685,1,1.0,36.41667,5.2,0.0002307692,0.0,1,0,2,1.733333,12,1,0
684,0,0.0,30.75,3374,0.01200622,33.5075,1,0,0,3374,10,1,9
683,0,0.0,34.83333,4.0,0.2582515,860755,0,1,0,4.0,204,0,6
682,0,0.0,24.0,3095,0.0698588,180.1775,1,0,1,1.5475,12,1,23
681,1,1.0,37.58333,9.0,0.0001333333,0.0,0,0,0,9.0,132,1,0
680,0,0.0,21.66667,2.16,0.1106287,198.5483,1,0,0,2.16,18,1,7
679,1,1.0,23.08333,1725,0.0006956522,0.0,0,0,0,1725,204,0,5
678,0,0.0,46.33333,4.2,0.008841666,30.44583,1,0,1,2.1,216,1,27
677,0,1.0,30.66667,2.74,0.01856679,42.31083,1,0,3,685,76,1,8
676,0,0.0,25.08333,3.52,0.02107955,61.16667,0,0,0,3.52,15,1,3
675,0,0.0,38.91667,3.68,0.01952256,59.61917,1,0,3,0.92,44,1,11
674,1,0.0,19.5,2.98,0.0004026846,0.0,0,0,0,2.98,18,1,0
673,1,1.0,24.0,3.0,0.0004,0.0,0,0,0,3.0,24,1,4
672,0,0.0,21.83333,1.68,0.1119048,156.5833,0,0,0,1.68,18,0,2
671,0,0.0,32.66667,3.65,0.5383649,1637527,1,0,1,1825,32,1,7
670,0,0.0,27.75,7.0,0.1105849,644.8283,1,0,0,7.0,0,1,13
669,0,0.0,35.5,6.5,0.067598,365.9058,1,0,0,6.5,6,1,0
668,0,0.0,28.83333,3.6,0.04339778,130.0267,1,1,0,3.6,56,1,10
667,1,1.0,25.25,1.6,0.00075,0.0,0,0,0,1.6,12,1,0
666,0,0.0,42.08333,3.9,0.03221615,104.5358,0,0,0,3.9,78,1,2
665,0,0.0,34.5,6.2,0.1840382,950.8641,1,0,0,6.2,60,1,11
664,0,0.0,27.83333,5.0,0.0289768,120.4033,1,0,1,2.5,24,1,0
663,0,0.0,31.0,5112,0.02974648,126.3867,1,0,2,1704,16,1,19
662,1,1.0,39.16667,4.0248,0.0002981515,0.0,0,0,1,2.0124,84,1,4
661,0,0.0,29.16667,2.5,0.0767256,159595,0,0,0,2.5,7,1,21
660,0,1.0,47.0,3.8425,0.006584255,20.25,1,0,2,1.280833,233,1,16
659,0,0.0,30.25,2.55,0.03532235,74.72667,1,0,1,1275,11,1,0
658,0,0.0,54.08333,4.0,0.01336725,43.97417,1,0,1,2.0,188,1,13
657,0,0.0,43.83333,3.9,0.01558974,50.08333,1,0,3,975,179,1,6
656,0,0.0,36.91667,4.5,0.08238,308925,1,0,0,4.5,60,1,16
655,0,0.0,38.16667,4.0188,0.1649273,552.3417,0,0,3,1.0047,102,0,3
654,0,1.0,18.66667,1.66,0.0568759,78.42834,1,0,0,1.66,51,1,2
653,0,0.0,40.0,5.5,0.3344596,1532773,1,0,4,1.1,74,1,19
652,0,0.0,21.83333,2.08,0.1174231,203.3667,0,0,0,2.08,5,1,0
651,0,0.0,30.66667,3.8,0.03251895,102.9767,0,0,0,3.8,26,0,1
650,0,0.0,28.33333,6.2,0.06892936,355.9683,1,0,0,6.2,18,1,9
649,0,0.0,42.83333,3.5412,0.1834562,541.2958,1,0,6,0.5058857,108,1,15
648,1,1.0,37.66667,2.0,0.0608075,101.2625,1,0,3,0.5,42,1,3
647,0,0.0,45.75,4.5,0.03987022,149.0967,1,0,2,1.5,132,1,9
646,0,0.0,32.0,3.65,0.006082192,17.66667,1,0,2,1.216667,20,1,17
645,0,0.0,43.66667,3.0,0.02302267,57.30667,1,0,1,1.5,3,1,5
644,1,1.0,35.58333,4.0,0.0003,0.0,0,0,2,1.333333,70,1,1
643,0,0.0,23.83333,2.3,0.1386009,265.6517,0,0,0,2.3,6,1,3
642,1,1.0,34.83333,4.9,0.000244898,0.0,0,0,2,1.633333,408,1,3
641,0,0.0,22.33333,1.8,0.05342556,80055,0,0,0,1.8,48,0,1
640,0,0.0,33.75,1.8,0.1306339,195.4508,1,0,3,0.45,12,1,2
639,0,1.0,44.25,7.6,0.04906355,310.7358,1,0,6,1.085714,207,1,11
638,0,0.0,44.58333,3.5,0.01198229,34.53167,1,0,1,1.75,33,1,13
637,0,0.0,29.5,2.8,0.1067854,249.1658,0,0,0,2.8,50,1,3
636,0,0.0,57.33333,1.65,0.009515151,12.25,0,0,0,1.65,24,1,3
635,0,0.0,28.5,4232,0.1239747,437.1342,0,1,0,4232,30,1,5
634,0,0.0,58.08333,4.4,0.02659568,97.18417,1,1,1,2.2,132,1,12
633,0,0.0,24.5,2.8,0.05955571,138.7133,0,0,0,2.8,5,1,0
632,1,1.0,21.08333,2.7268,0.0004400763,0.0,0,0,1,1.3634,18,1,0
631,1,1.0,47.91667,8.4,0.0001428571,0.0,1,0,3,2.1,6,1,0
630,0,0.0,45.0,4.03,0.04091464,137.0717,0,0,0,4.03,72,1,2
629,0,0.0,51.75,4.7232,0.02165545,84.9025,1,0,1,2.3616,60,0,0
628,0,0.0,26.83333,3.15,0.07226063,189.6842,0,0,0,3.15,6,1,0
627,0,0.0,25.16667,8.0,0.01700675,112.8783,1,0,2,2.666667,18,1,0
626,1,1.0,47.75,1.5,0.0008,0.0,1,0,0,1.5,60,1,0
625,0,0.0,35.58333,3.5606,0.1090841,323.5875,0,0,0,3.5606,12,1,0
624,0,0.0,32.91667,2.5,0.245766,512.0125,0,0,1,1.25,6,1,9
623,0,0.0,30.66667,4.0,0.09011575,299.8858,1,0,1,2.0,37,0,6
622,0,0.0,20.25,1.85,0.3426108,527.9417,1,0,0,1.85,96,1,2
621,0,0.0,25.75,2.8,0.05751464,134.2008,0,0,0,2.8,6,0,3
620,1,1.0,37.16667,1.8339,0.0006543432,0.0,0,0,2,0.6113,52,1,0
619,1,0.0,35.0,4.1125,0.02962699,101.2008,1,0,1,2.05625,37,1,23
618,0,0.0,45.58333,11.9999,0.02006617,200.4933,1,1,1,5.99995,24,1,6
617,0,0.0,21.83333,2.5,0.0067932,13.4025,0,0,0,2.5,32,1,3
616,0,0.0,40.75,7.0,0.06458829,376765,0,0,3,1.75,6,1,2
615,0,0.0,32.25,2.6,0.07879038,170.4625,0,0,1,1.3,76,0,3
614,0,0.0,30.83333,3.3026,0.001998425,4.583333,0,0,1,1.6513,90,1,4
613,1,1.0,42.83333,3.7,0.0003243243,0.0,0,0,4,0.74,84,0,3
612,1,1.0,38.58333,3.2,0.000375,0.0,0,0,2,1.066667,14,1,6
611,0,0.0,38.41667,6.5,0.02921738,157.8442,1,0,3,1625,60,1,9
610,0,0.0,26.0,5.3,0.05482528,242145,1,0,1,2.65,24,1,20
609,0,0.0,22.83333,1.8468,0.011423,16.91333,0,0,0,1.8468,48,1,4
608,0,0.0,31.91667,2.7,0.1151311,258.8783,0,0,0,2.7,19,1,0
607,0,1.0,32.83333,3.5091,0.1596184,466.3475,0,0,0,3.5091,22,1,9
606,0,0.0,40.83333,3.48,0.00768908,21715,0,0,0,3.48,28,1,22
605,0,0.0,26.25,5.0,0.1082892,451205,1,0,0,5.0,5,1,16
604,0,1.0,19.0,2.19,0.3406356,621.66,0,0,0,2.19,59,1,2
603,0,0.0,34.0,5.4,0.07138018,321.2108,1,0,3,1.35,24,1,4
602,1,1.0,23.83333,2.2,0.0005454546,0.0,0,0,0,2.2,31,0,0
601,0,0.0,22.66667,1.79,0.03404134,50.02833,0,0,0,1.79,3,1,0
600,0,0.0,34.58333,5.1,0.0970047,412.1867,1,0,4,1.02,3,1,0
599,0,1.0,43.58333,2.77,0.04364765,100.3367,1,0,0,2.77,44,1,14
598,1,1.0,22.75,2.34,0.0005128205,0.0,0,0,0,2.34,61,1,6
597,0,0.0,28.91667,2.69,0.1571033,352.1733,0,0,1,1345,62,0,0
596,0,1.0,35.33333,6888,0.01023621,58.50583,1,0,0,6888,5,1,18
595,0,0.0,24.16667,2.51,0.1149625,240.38,0,0,0,2.51,10,1,12
594,0,0.0,42.08333,4.7,0.01847894,71.95917,1,1,3,1175,150,1,2
593,0,0.0,25.91667,2.4,0.1078696,215.7392,0,0,0,2.4,150,1,18
592,0,0.0,21.5,5.5,0.07795545,356.8792,0,0,0,5.5,50,1,0
591,0,0.0,43.5,1.7472,0.07401385,107.7642,1,0,0,1.7472,18,0,2
590,0,0.0,39.08333,3.5,0.06206229,181015,1,0,1,1.75,42,1,0
589,0,1.0,43.33333,4.8,0.3706127,1482368,1,0,0,4.8,3,1,4
588,1,1.0,46.91667,2.1,0.0005714286,0.0,0,0,0,2.1,25,0,3
587,0,0.0,26.66667,2.0,0.03145,51.75,0,0,1,1.0,6,1,1
586,0,1.0,25.08333,3.0,0.038453,95.79916,0,0,0,3.0,8,0,4
585,0,0.0,83.5,2.8725,0.005848564,13.33333,1,1,0,2.8725,38,0,11
584,0,0.0,47.5,2.6611,0.09956446,220.7925,1,0,0,2.6611,269,1,8
583,1,0.0,21.91667,3.86,0.0003108808,0.0,1,1,0,3.86,18,1,8
582,0,0.0,27.5,3.2,0.03100344,82.3425,1,0,0,3.2,23,1,9
581,0,0.0,19.91667,3.5,0.06020943,175.4442,0,0,1,1.75,24,1,3
580,0,0.0,25.33333,2.0,0.006652,10.42,0,0,0,2.0,24,1,19
579,1,1.0,32.33333,6.0,0.0002,0.0,1,0,4,1.2,18,1,4
578,0,0.0,22.16667,1.6,0.1506275,200.5867,1,0,0,1.6,27,1,3
577,0,0.0,25.33333,3.48,0.05121034,148.26,1,0,0,3.48,14,1,5
576,0,0.0,20.83333,1.8,0.5535178,830.2767,0,0,0,1.8,5,0,0
575,0,0.0,26.08333,3.0,0.045469,113.5892,0,0,0,3.0,28,1,8
574,0,0.0,21.41667,1.5896,0.2052491,271.5533,0,0,0,1.5896,180,1,16
573,0,0.0,19.58333,1.8,0.121795,182.6092,0,0,0,1.8,12,1,0
572,0,0.0,44.58333,3.1,0.1251213,323.0633,1,0,0,3.1,75,1,5
571,0,1.0,32.83333,2.5,0.1573136,327.7367,0,0,0,2.5,147,1,3
570,1,1.0,20.91667,2625,0.0004571429,0.0,0,1,0,2625,20,1,2
569,0,0.0,74.16666,2.8065,0.01688936,38.83333,1,0,0,2.8065,511,1,10
568,0,0.0,32.41667,6.1064,0.1070066,544.5208,1,0,1,3.0532,67,1,1
567,0,0.0,34.16667,9.2,0.08662446,664.1208,1,0,5,1.533333,81,1,7
566,1,1.0,57.75,2.0,0.0006,0.0,1,1,0,2.0,36,0,44
565,0,0.0,0.5833333,4.0,0.0726635,242.1283,1,0,3,1.0,24,1,4
564,0,0.0,33.08333,4.0,0.2564355,854785,1,0,2,1.333333,42,1,4
563,1,1.0,46.0,6.0,0.0002,0.0,1,0,2,2.0,84,1,46
562,0,0.0,24.75,2.2,0.1550486,284.2558,1,0,0,2.2,36,1,6
561,1,1.0,31.75,4.5,0.0002666667,0.0,1,0,0,4.5,36,1,11
560,0,0.0,24.16667,3.7,0.07111514,219.2717,1,0,1,1.85,8,1,5
559,1,1.0,22.83333,3.1475,0.000381255,0.0,0,0,2,1.049167,19,0,0
558,0,0.0,30.41667,1.5,0.06344134,78885,0,0,1,0.75,24,0,5
557,0,0.0,38.25,5.1,0.08108,344.0067,1,0,3,1275,126,1,17
556,0,0.0,37.16667,2825,0.06534584,153.7517,1,0,0,2825,240,1,2
555,0,0.0,36.66667,3.8,0.03591921,112.9942,1,0,3,0.95,77,1,4
554,0,0.0,34.83333,2.75,0.03314945,75.63417,1,0,0,2.75,151,1,11
553,0,0.0,29.16667,2.37,0.07643376,150.79,1,0,0,2.37,77,1,3
552,0,0.0,23.0,3625,0.03514566,106.1692,0,0,1,1.8125,51,0,6
551,0,0.0,24.25,1.6,0.04509,59.78667,0,0,0,1.6,43,1,2
550,0,0.0,35.83333,2.42,0.05948347,119625,1,0,0,2.42,56,1,10
549,0,0.0,41.5,5.1,0.03296432,140015,0,0,1,2.55,63,1,4
548,0,0.0,27.58333,4.0,0.01495,49.25,1,1,3,1.0,40,1,13
547,0,0.0,43.83333,10.5,0.001095238,8.75,1,0,4,2.1,168,1,16
546,0,0.0,48.25,5.0,0.0219424,91.17667,0,0,3,1.25,7,1,0
545,0,0.0,28.41667,2.6,0.04854384,105095,1,0,0,2.6,27,1,6
544,0,0.0,24.08333,2.04,0.1136103,192.7208,0,0,0,2.04,109,1,5
543,0,1.0,41.41667,2.5,0.07657401,159.1958,0,1,2,0.8333333,131,0,3
542,1,1.0,38.33333,4.0,0.0003,0.0,1,1,3,1.0,40,1,7
541,0,0.0,39.91667,4.6,0.02751957,105325,0,0,2,1.533333,4,1,1
540,1,1.0,22.58333,3.86,0.0003108808,0.0,0,0,1,1.93,36,0,4
539,1,1.0,34.5,3.3,0.0003636364,0.0,1,0,2,1.1,33,0,18
538,1,1.0,24.58333,2.0,0.0006,0.0,0,0,0,2.0,7,0,6
537,0,0.0,28.33333,6.6,0.007129848,38.71416,0,0,2,2.2,55,1,7
536,0,0.0,37.33333,7.0,0.03023229,176.2717,1,0,2,2.333333,14,1,17
535,0,0.0,40.08333,2.2224,0.3980818,737.0808,1,0,2,0.7408,10,1,14
534,0,0.0,35.66667,3.5822,0.1049978,313.3525,1,0,1,1.7911,84,1,10
533,0,0.0,28.0,2.16,0.02366667,42.51667,0,0,0,2.16,50,0,3
532,0,0.0,20.33333,1.6752,0.1757384,245.3308,0,0,0,1.6752,10,1,0
531,0,0.0,27.83333,2652,0.07283182,160875,1,0,3,663,24,1,3
530,0,0.0,28.25,3.9,0.07661206,248.9058,0,0,0,3.9,48,1,10
529,1,1.0,24.91667,3.15,0.0003809524,0.0,1,0,1,1575,40,1,5
528,0,0.0,24.08333,1.62,0.01050802,13.68583,0,0,0,1.62,12,0,4
527,1,1.0,48.25,2.0,0.0006,0.0,1,0,1,1.0,120,1,15
526,0,1.0,34.83333,3.2,0.06567625,175.1367,1,0,2,1.066667,25,1,8
525,1,1.0,29.16667,2475,0.0004848485,0.0,0,0,1,1.2375,12,0,5
524,0,1.0,38.25,3.2,0.04545781,121.2208,1,0,1,1.6,84,0,12
523,1,1.0,32.33333,2.5,0.00048,0.0,0,0,1,1.25,60,1,0
522,1,1.0,36.91667,1.85,0.0006486487,0.0,0,0,2,0.6166667,192,1,2
521,0,0.0,20.08333,3.4,0.0006470588,0.9166667,0,0,0,3.4,15,0,0
520,0,0.0,33.58333,4566,0.002146299,7.333333,1,0,0,4566,94,1,19
519,0,0.0,26.75,3.5,0.1181043,344.4708,0,0,0,3.5,2,1,14
518,0,0.0,57.08333,4.8,0.1534315,613.6425,1,0,0,4.8,138,1,4
517,0,0.0,34.33333,4.8,0.4745083,1898033,0,0,3,1.2,12,1,1
516,0,0.0,38.16667,5.5,0.04493018,205.5133,1,0,4,1.1,99,1,9
515,0,0.0,29.33333,2.3,0.04004043,76.24416,0,0,2,0.7666667,24,0,5
514,1,1.0,21.5,1.78,0.0006741573,0.0,0,0,0,1.78,5,1,1
513,0,0.0,30.08333,3.75,0.09561973,298.4783,1,0,1,1875,12,1,9
512,0,0.0,34.75,2.34,0.1833799,357.5908,1,0,0,2.34,108,0,11
511,0,0.0,21.5,2.3779,0.01799908,35.16667,0,0,0,2.3779,7,0,5
510,1,1.0,27.33333,4.9,0.000244898,0.0,1,0,2,1.633333,16,1,15
509,1,0.0,37.08333,2.8,0.1699286,396.5,0,0,0,2.8,36,1,23
508,0,0.0,32.0,2.5,0.0544468,113.1808,0,0,0,2.5,8,1,5
507,0,0.0,32.41667,3.2,0.1192053,317.4642,0,0,0,3.2,30,1,1
506,0,0.0,42.0,3.6,0.01785056,53.30167,0,1,0,3.6,41,0,14
505,0,0.0,24.58333,2.2,0.06601682,121.0308,0,0,0,2.2,22,1,6
504,0,0.0,22.91667,1.56,0.09851731,128.0725,1,0,0,1.56,6,0,7
503,1,1.0,44.91667,2.8055,0.0004277313,0.0,1,0,5,0.4675834,4,1,0
502,1,1.0,27.16667,1.8,0.0006666667,0.0,0,0,2,0.6,34,1,7
501,0,0.0,42.25,3235,0.02476569,66.26417,1,0,2,1.078333,36,1,3
500,0,0.0,33.5,3.5,0.094966,276.9842,0,0,0,3.5,4,1,13
499,1,1.0,37.16667,1.68,0.0007142857,0.0,1,0,3,0.42,120,0,8
498,0,0.0,34.83333,5.5,0.2375431,1088739,1,0,4,1.1,12,1,0
497,0,1.0,30.16667,7.2904,0.07818501,474.5,1,0,4,1.45808,43,1,14
496,0,0.0,23.91667,2.0,0.100191,166.9017,0,0,0,2.0,9,1,0
495,0,0.0,30.08333,2.6,0.005961538,12.08333,1,0,4,0.52,51,1,16
494,0,0.0,30.16667,2.19,0.4874438,889585,0,0,0,2.19,6,1,0
493,0,0.0,23.25,2.5,0.0444384,91.99667,0,0,0,2.5,54,1,1
492,0,0.0,24.75,2.0,0.0549975,91.4125,1,1,1,1.0,24,0,10
491,0,0.0,28.83333,2.45,0.03879551,78.87417,1,0,0,2.45,26,1,3
490,1,1.0,27.66667,2.15,0.0005581395,0.0,0,0,0,2.15,97,1,1
489,0,1.0,22.83333,3.6,0.04884167,146.4417,0,0,0,3.6,30,1,20
488,0,0.0,47.58333,4.65,0.01516022,58.24583,0,0,2,1.55,25,1,11
487,0,0.0,34.33333,4.5,0.0032,11.16667,1,1,4,0.9,30,1,6
486,0,0.0,40.16667,2.45,0.07000694,142.5142,0,0,0,2.45,180,1,0
485,0,0.0,33.83333,2.9,0.1951083,471345,1,0,2,0.9666667,147,1,8
484,0,0.0,40.91667,4.0,0.00331225,10.29083,1,0,1,2.0,84,1,9
483,0,0.0,52.16667,2.66,0.04462218,98.57916,1,0,3,665,228,1,0
482,1,1.0,28.58333,2.06,0.0005825243,0.0,1,0,0,2.06,31,0,12
481,0,0.0,26.08333,2.3,0.03560869,67.66666,0,0,0,2.3,24,1,0
480,0,0.0,26.66667,1.6,0.02353625,30.54833,1,0,0,1.6,24,1,5
479,0,0.0,26.58333,3.2,0.1495691,398.8508,1,0,2,1.066667,12,1,0
478,1,1.0,52.33333,2.0,0.0006,0.0,1,0,3,0.5,54,1,7
477,0,0.0,23.33333,2585,0.02505764,53645,0,0,0,2585,8,1,1
476,0,0.0,23.83333,4.8,0.0801425,320.4867,0,1,0,4.8,42,1,2
475,0,0.0,29.0,5.5,0.062952,288.3633,0,0,2,1.833333,18,1,3
474,1,1.0,29.16667,1.7,0.0007058823,0.0,0,0,1,0.85,28,1,0
473,0,0.0,0.1666667,3.24,0.1843664,497.7058,1,0,3,0.81,25,1,16
472,0,0.0,22.91667,2.15,0.009956279,17.17167,0,0,0,2.15,12,1,1
471,1,1.0,20.58333,2.64,0.0004545455,0.0,0,0,3,0.66,7,1,1
470,0,0.0,25.25,5.5,0.02479182,113.2958,1,1,0,5.5,16,1,0
469,1,1.0,19.41667,2.2,0.0005454546,0.0,0,0,0,2.2,6,1,0
468,0,0.0,35.5,7.5,0.0205616,128.4267,1,0,4,1.5,19,1,12
467,1,1.0,38.25,4.8,0.00025,0.0,1,0,1,2.4,42,1,6
466,0,0.0,27.83333,3.54,0.006866666,19.59,0,0,2,1.18,3,1,0
465,0,0.0,29.75,3.0,0.06942033,173.4675,0,0,1,1.5,60,1,1
464,0,0.0,20.5,1.6,0.08383188,111.6925,0,0,0,1.6,3,1,0
463,1,1.0,36.41667,3.0,0.0004,0.0,0,0,0,3.0,74,1,16
462,0,0.0,40.41667,3115,0.07675923,199.0042,1,0,1,1.5575,60,1,11
461,0,1.0,25.25,2.9,0.08686655,209.8442,0,0,0,2.9,276,1,6
460,0,0.0,49.58333,1.75,0.01074229,15.3325,1,0,1,875,38,1,3
459,0,0.0,28.25,2.0272,0.1110255,187.1425,1,0,1,1.0136,91,1,1
458,0,0.0,35.0,4.5,0.01022222,37.58333,1,0,3,1125,144,1,3
457,0,0.0,33.08333,2.8,0.03015786,70285,1,0,1,1.4,72,1,20
456,1,1.0,35.83333,4.5,0.0002666667,0.0,1,0,6,0.6428571,6,0,0
455,1,1.0,44.58333,1.8,0.0006666667,0.0,0,1,0,1.8,60,1,2
454,0,1.0,23.66667,1.95,0.03098154,50.17833,0,0,0,1.95,3,1,4
453,0,0.0,71.83334,7701,0.06251058,400.9117,1,0,1,3.8505,24,1,9
452,1,1.0,22.33333,1.8,0.0006666667,0.0,0,0,0,1.8,3,0,6
451,1,1.0,37.25,1.5548,0.0007718034,0.0,0,0,1,0.7774,36,1,0
450,1,0.0,26.83333,2.1,0.0005714286,0.0,0,0,2,0.7,30,1,18
449,0,0.0,25.75,2.4,0.02071958,41.18917,0,0,0,2.4,34,1,2
448,0,0.0,53.0,2.45,0.01771837,35675,1,0,0,2.45,3,1,11
447,0,1.0,29.58333,6.6,0.09274364,510.09,1,0,0,6.6,24,1,14
446,0,0.0,23.16667,3.92,0.2269911,741.5042,0,0,0,3.92,16,1,0
445,0,0.0,25.83333,2.5,0.0598016,124.5033,0,0,0,2.5,6,0,0
444,1,1.0,31.58333,2.0237,0.0005929733,0.0,0,0,0,2.0237,14,1,3
443,0,0.0,48.91667,3.0,0.09670267,241.4233,1,0,2,1.0,120,0,3
442,0,1.0,53.58333,9.9999,0.0998702,832.2433,1,0,3,2.499975,120,1,3
441,0,0.0,21.91667,6.7,0.05414866,302.2467,0,0,0,6.7,8,1,6
440,1,1.0,24.91667,1.85,0.0006486487,0.0,0,0,0,1.85,14,0,3
439,0,0.0,21.91667,2.6875,0.07412688,165.93,0,0,3,0.671875,85,1,12
438,1,1.0,35.16667,4288,0.0002798507,0.0,1,0,3,1072,24,0,13
437,1,1.0,23.41667,9.9999,0.0001200012,0.0,0,0,2,3.3333,27,1,5
436,1,1.0,30.91667,2.6,0.0004615385,0.0,0,0,0,2.6,5,0,0
435,0,0.0,40.75,3.64,0.03113791,94.11833,0,0,1,1.82,41,1,1
434,0,0.0,0.5833333,2.5,0.0831712,173.0233,0,0,0,2.5,150,1,5
433,0,0.0,28.33333,3.9,0.04364769,141.6883,1,0,1,1.95,49,1,17
432,1,1.0,35.0,2.25,0.0005333333,0.0,0,0,1,1125,84,1,3
431,0,0.0,24.75,1875,0.08070774,126.0225,0,0,1,0.9375,14,0,1
430,1,1.0,26.16667,2466,0.000486618,0.0,1,0,0,2466,14,1,20
429,0,0.0,29.25,4467,0.1139494,424.1767,1,1,0,4467,63,1,5
428,0,1.0,21.16667,1.8,0.1925344,288.8017,0,0,0,1.8,192,1,8
427,0,0.0,27.16667,2.6796,0.007277206,15.58333,0,0,4,0.53592,36,1,4
426,0,0.0,24.91667,2.3,0.02855478,54.64667,0,0,0,2.3,30,1,2
425,1,1.0,34.25,2.5,0.00048,0.0,1,0,1,1.25,12,1,0
424,0,0.0,28.66667,3.5,0.02358028,68.35917,1,0,5,0.5833334,42,1,12
423,0,0.0,29.58333,2.4,0.01527,29.95667,0,0,1,1.2,18,1,8
422,0,0.0,33.0,3.15,0.05726571,150.1767,0,1,0,3.15,128,0,3
421,0,0.0,39.41667,4.7,0.06314021,247.2992,1,0,4,0.94,12,1,10
420,0,1.0,30.0,4.0,0.05105425,170.1808,1,0,5,0.6666666,28,1,7
419,0,0.0,26.75,1.8,0.006611111,9.166667,1,0,0,1.8,53,1,9
418,1,1.0,27.16667,4.0,0.0003,0.0,1,0,0,4.0,37,1,7
417,0,0.0,46.25,5.4,0.05977204,268.7242,1,0,4,1.08,204,1,7
416,0,0.0,35.33333,1908,0.02690671,42615,1,0,2,636,120,0,5
415,0,0.0,32.83333,2.0,0.0938035,156.0892,1,0,2,0.6666666,8,0,2
414,0,0.0,25.16667,2656,0.1594194,352.8483,1,0,0,2656,96,1,0
413,0,0.0,23.25,4.32,0.1877141,675.7708,0,0,2,1.44,36,1,11
412,1,1.0,42.0,1.98,0.0006060606,0.0,1,0,2,0.66,36,1,0
411,1,1.0,23.75,1672,0.0007177034,0.0,0,0,0,1672,27,1,0
410,0,0.0,21.16667,2.4,0.1008329,201.5825,0,0,0,2.4,2,1,5
409,0,0.0,28.83333,2184,0.07956502,144.6417,1,0,0,2184,5,1,14
408,1,0.0,57.08333,5.0,0.00024,0.0,1,1,0,5.0,144,1,7
407,0,0.0,25.75,1.85,0.05965243,91.96417,1,0,0,1.85,24,1,9
406,0,0.0,25.08333,5.0,0.0316508,131.8783,0,0,0,5.0,38,1,16
405,0,0.0,24.25,1.6,0.3755244,500.6158,1,0,0,1.6,48,0,1
404,0,0.0,22.41667,3.1,0.2400213,620055,0,0,0,3.1,3,1,0
403,0,0.0,40.66667,4.77,0.003146122,11.6725,1,0,0,4.77,144,1,10
402,0,0.0,45.0,3.8,0.03137474,99.10333,1,0,1,1.9,90,1,3
401,1,0.0,28.91667,1511,0.0007941761,0.0,0,0,0,1511,44,1,15
400,0,0.0,32.08333,1.6,0.263585,351.3633,0,0,0,1.6,6,1,3
399,1,1.0,36.08333,4.1,0.0002926829,0.0,1,0,2,1.366667,30,1,0
398,0,0.0,34.91667,3.0,0.01464867,36205,0,0,1,1.5,30,0,2
397,1,1.0,36.33333,7.35,0.07122857,436275,0,0,0,7.35,51,0,14
396,0,0.0,40.75,4.8,0.1537802,615.1208,1,0,3,1.2,122,1,17
395,1,1.0,41.25,4386,0.0002735978,0.0,1,0,3,1.0965,172,1,9
394,0,0.0,23.08333,3.0,0.02586333,63.99166,0,0,0,3.0,3,1,0
393,0,0.0,37.08333,8124,0.03150603,213.1292,1,1,3,2031,120,1,5
392,0,0.0,25.08333,2.1,0.1227771,214.86,0,0,0,2.1,26,1,17
391,0,0.0,49.16667,9.9999,0.01116311,92.44167,1,0,4,1.99998,218,0,12
390,0,0.0,32.33333,6.3,0.08876603,465.9383,0,1,4,1.26,60,1,7
389,1,1.0,22.08333,1536,0.00078125,0.0,0,0,0,1536,12,0,3
388,0,0.0,25.08333,1.6949,0.02467697,34.52083,0,0,0,1.6949,3,0,16
387,0,0.0,49.16667,5.2,0.01664154,71.53,1,0,1,2.6,15,1,6
386,0,0.0,47.75,2.6372,0.006635826,13.91667,1,0,0,2.6372,4,1,12
385,1,1.0,28.83333,2.58,0.0004651163,0.0,1,0,0,2.58,41,1,11
384,1,0.0,25.0,3.3984,0.0003531073,0.0,1,0,2,1.1328,29,0,4
383,0,0.0,25.16667,3.75,0.128076,400.0708,1,0,0,3.75,7,1,11
382,0,0.0,64.58334,7125,0.02533895,149.7,1,0,1,3.5625,241,1,8
381,1,1.0,35.25,5.6335,0.0002130114,0.0,1,0,3,1.408375,18,0,10
380,0,0.0,25.41667,2.1,0.04128572,71.66666,1,0,0,2.1,44,1,5
379,0,0.0,40.08333,4.0,0.07481575,248.7192,1,0,2,1.333333,96,1,0
378,0,0.0,21.25,1.99,0.03496332,57.98083,0,0,2,0.6633334,8,1,5
377,0,0.0,39.08333,5.1,0.04952431,210.2283,1,0,3,1275,60,0,22
376,0,0.0,48.91667,4.5,0.05416889,203.1333,0,0,2,1.5,17,1,0
375,0,0.0,30.75,5.6,0.03980107,185.7383,1,0,0,5.6,1,0,8
374,0,0.0,21.5,1.53,0.03650327,46.29167,1,0,0,1.53,22,1,11
373,0,0.0,32.91667,2.72,0.1776717,402.7225,0,0,1,1.36,6,1,8
372,1,1.0,30.33333,2.18,0.0005504587,0.0,0,1,0,2.18,13,1,1
371,0,0.0,30.33333,2.5,0.0356228,73.7975,1,1,3,625,30,1,9
370,0,0.0,40.91667,6.0,0.07896433,394.5717,1,0,0,6.0,42,1,5
369,1,1.0,35.91667,3.38,0.0003550296,0.0,1,0,2,1.126667,18,1,15
368,0,0.0,33.75,2.5,0.0775176,161.1617,1,0,1,1.25,30,1,6
367,1,1.0,33.75,1.8,0.0006666667,0.0,1,0,2,0.6,11,1,13
366,0,0.0,35.83333,2.5,0.0791488,164.81,1,0,1,1.25,42,0,11
365,1,1.0,62.91667,2.55,0.0004705882,0.0,0,0,2,0.85,20,0,13
364,0,0.0,22.0,3.3,0.03947758,108.3967,0,0,0,3.3,6,1,8
363,0,0.0,23.25,2.32,0.1166047,225.2692,0,0,0,2.32,3,1,8
362,0,0.0,33.66667,2.1,0.0449081,78.25584,0,0,4,0.42,12,1,0
361,0,0.0,31.83333,3.1,0.1304742,337.0583,0,0,1,1.55,52,1,3
360,1,1.0,40.91667,1.84,0.0006521739,0.0,0,1,2,0.6133333,18,1,0
359,0,0.0,22.75,4.3,0.1578128,565.3292,0,0,0,4.3,12,1,11
358,0,0.0,34.16667,4.3,0.0249386,88.94667,0,0,1,2.15,12,1,2
357,0,0.0,26.66667,2.2,0.05026682,91.98917,0,0,0,2.2,42,1,8
356,0,1.0,50.0,4.3,0.03620279,129.3933,1,1,1,2.15,264,1,15
355,0,1.0,21.91667,3.0,0.004701667,11.00417,0,0,1,1.5,18,0,7
354,0,0.0,45.25,3.7,0.1384322,426.8325,0,0,0,3.7,24,1,2
353,0,0.0,41.91667,3.0,0.095609,238.8558,1,0,3,0.75,120,0,0
352,0,1.0,40.5,2.25,0.02382222,44.0,0,0,0,2.25,86,1,10
351,0,1.0,39.75,7.0,0.109958,641.4216,1,0,2,2.333333,30,0,22
350,0,0.0,21.41667,1.75,0.02445829,35.16833,1,0,0,1.75,131,1,3
349,1,1.0,37.0,3.2,0.000375,0.0,0,0,0,3.2,14,1,0
348,0,0.0,26.83333,2.9,0.006872069,15.94083,1,1,1,1.45,26,1,3
347,0,1.0,25.41667,3.6,0.07804389,234.0483,0,0,2,1.2,12,1,4
346,0,0.0,21.83333,2.4,0.08191958,163.8392,0,0,0,2.4,105,0,1
345,0,0.0,25.66667,2.1,0.18692,327.11,0,0,0,2.1,15,1,6
344,0,0.0,23.83333,2.6,0.1539746,333.6117,0,0,0,2.6,6,1,0
343,0,0.0,27.83333,3.0,0.1608053,401.93,0,0,1,1.5,24,1,2
342,0,0.0,28.16667,2.4,0.1137675,227.3683,0,0,0,2.4,1,1,29
341,0,0.0,19.41667,1.8,0.08415,125.8917,0,0,0,1.8,3,1,0
340,0,0.0,32.0,2.28,0.06735965,127.9833,1,0,0,2.28,48,0,15
339,0,0.0,40.33333,9.9999,0.01560016,129.3333,1,0,4,1.99998,72,1,21
338,0,0.0,31.5,2.85,0.3137003,745.0383,1,0,2,0.95,30,1,11
337,0,0.0,40.66667,2.7246,0.1966153,446415,0,0,2,0.9082,36,1,14
336,0,0.0,28.66667,4.22,0.08559075,300.9942,1,0,1,2.11,22,1,3
335,0,0.0,47.83333,4.68,0.03474402,134.9183,1,0,1,2.34,210,1,6
334,1,1.0,0.75,3.0,0.0004,0.0,0,0,0,3.0,18,0,2
333,0,0.0,30.25,2.15,0.03192233,56.69417,0,0,0,2.15,12,1,4
332,0,0.0,44.58333,4.2,0.03867167,135.1842,1,0,2,1.4,150,0,2
331,0,0.0,32.66667,3.6,0.001833333,4.583333,0,0,0,3.6,25,1,2
330,1,1.0,42.41667,1.8,0.0006666667,0.0,0,0,2,0.6,48,1,10
329,1,1.0,34.58333,3.4,0.0003529412,0.0,0,0,0,3.4,12,1,0
328,0,0.0,24.66667,2.0676,0.2071184,356.7817,0,0,0,2.0676,4,1,17
327,0,0.0,25.0,2.4,0.0315875,62.50833,0,0,0,2.4,192,1,9
326,0,0.0,21.25,3.0,0.030976,77.35667,0,0,2,1.0,18,0,2
325,0,0.0,36.91667,2.2,0.08092181,148.19,0,0,1,1.1,8,1,4
324,0,0.0,54.5,4.3,0.1763946,632.0808,1,0,1,2.15,120,1,6
323,1,1.0,41.58333,4.6,0.0002608696,0.0,0,0,0,4.6,57,1,3
322,0,0.0,38.83333,6.5,0.2897866,1569677,1,0,4,1.3,117,1,18
321,1,0.0,61.58333,3.75,0.00032,0.0,1,0,0,3.75,288,1,5
320,0,1.0,38.83333,2.52,0.08646706,181.4142,1,0,0,2.52,138,1,8
319,0,0.0,24.58333,1.5,0.01972267,24.07,0,0,0,1.5,28,1,5
318,1,1.0,27.5,2.0,0.0006,0.0,0,0,0,2.0,48,1,0
317,0,0.0,39.66667,3.0,0.02240434,55.76083,1,1,1,1.5,132,1,22
316,0,0.0,24.25,4.0,0.1076917,358.9725,0,0,0,4.0,7,1,10
315,0,0.0,50.0,4.5,0.09626533,360995,1,0,2,1.5,301,1,11
314,1,1.0,53.33333,4.9,0.000244898,0.0,1,1,0,4.9,108,0,1
313,0,0.0,26.58333,2.35,0.06488553,126.6508,0,0,1,1175,26,1,2
312,0,0.0,31.16667,3.5,0.1656494,483.0608,0,0,1,1.75,14,0,0
311,1,1.0,30.58333,2.5,0.00048,0.0,0,0,0,2.5,12,1,18
310,1,1.0,33.75,4.1,0.0002926829,0.0,1,0,2,1.366667,22,1,15
309,0,0.0,54.75,5.48,0.1342037,612.8633,1,0,1,2.74,146,1,4
308,1,1.0,27.08333,2.0,0.0006,0.0,0,0,0,2.0,24,1,4
307,0,0.0,31.25,5.6965,0.008123409,38.0625,1,1,2,1.898833,84,0,26
306,0,0.0,38.83333,3.3,0.02411576,65.81834,1,0,3,825,188,1,19
305,0,0.0,27.25,3.15,0.06493969,170.4667,1,0,2,1.05,24,1,9
304,0,1.0,34.83333,6.5,0.1407468,762.3784,1,0,0,6.5,12,1,13
303,1,1.0,44.66667,1.8,0.0006666667,0.0,0,0,2,0.6,33,0,0
302,1,1.0,20.75,1.95,0.0006153846,0.0,0,0,0,1.95,14,0,1
301,0,0.0,26.41667,3.9,0.01446872,46.52333,0,0,0,3.9,30,1,13
300,0,0.0,27.58333,3.9,0.04137513,134.3858,1,0,3,975,12,1,6
299,0,1.0,41.83333,7.1195,0.09599761,569.5458,1,0,3,1.779875,96,1,6
298,0,0.0,25.91667,3.0,0.061896,154.74,1,0,0,3.0,40,1,16
297,0,0.0,38.33333,3.0,0.227364,568.2433,1,0,0,3.0,46,1,2
296,0,0.0,22.91667,4.8,0.05806896,232.2758,0,0,2,1.6,2,1,4
295,1,1.0,23.66667,2304,0.0005208334,0.0,0,0,1,1152,12,1,0
294,0,0.0,24.83333,2.1,0.1375624,240.4842,0,0,1,1.05,24,1,5
293,1,1.0,38.5,3.7,0.0003243243,0.0,0,0,2,1.233333,24,1,11
292,0,0.0,30.5,3.95,0.07802456,256.6642,1,0,1,1975,24,1,20
291,0,0.0,19.66667,2.2348,0.04474897,82.92084,0,0,0,2.2348,133,0,5
290,1,1.0,25.25,3.3,0.0003636364,0.0,1,0,1,1.65,75,1,23
289,0,0.0,34.66667,5.0,0.0140794,58.08083,1,0,4,1.0,6,1,0
288,0,0.0,28.5,3.0,0.07104634,177.6158,1,0,0,3.0,20,1,0
287,0,0.0,18.41667,1968,0.006455285,9.753333,0,0,0,1968,114,0,2
286,0,0.0,42.66667,6.2,0.006145161,31.0,1,0,2,2.066667,132,1,14
285,1,1.0,37.75,3.2628,0.0003677823,0.0,0,0,1,1.6314,98,0,1
284,0,0.0,41.41667,3.2,0.01023563,26.87833,0,0,1,1.6,16,1,2
283,0,0.0,20.0,2.79,0.02268351,52.48917,0,0,0,2.79,86,1,5
282,0,0.0,37.33333,2725,0.05719193,129.3733,0,0,2,0.9083333,13,1,14
281,1,1.0,32.75,4.0,0.0003,0.0,0,0,2,1.333333,25,1,0
280,0,0.0,25.41667,2.45,0.09007061,183.5608,0,0,0,2.45,48,1,6
279,0,0.0,38.75,2.8463,0.007026666,15.83333,1,0,1,1.42315,120,1,16
278,0,0.0,28.66667,2.95,0.09361254,229.7975,0,0,0,2.95,26,1,4
277,0,0.0,23.41667,2.04,0.1200515,204.0875,1,0,0,2.04,7,1,12
276,1,1.0,24.16667,1.5,0.0008,0.0,0,0,0,1.5,18,1,0
275,1,1.0,44.58333,2.5,0.00048,0.0,1,0,2,0.8333333,62,1,18
274,0,1.0,42.75,3.6,0.03806583,113.9475,1,0,2,1.2,60,1,22
273,0,0.0,35.16667,4815,0.04295223,171.5125,1,0,2,1605,48,1,18
272,0,0.0,46.0,1.8,0.0335,49.41667,0,0,1,0.9,168,1,2
271,0,0.0,23.16667,2.5,0.229822,478.7125,1,0,0,2.5,12,1,4
270,0,0.0,22.75,1.82,0.5418599,821.8208,0,0,0,1.82,93,1,2
269,0,0.0,25.91667,2.5,0.02125,44.02083,0,0,0,2.5,25,1,10
268,0,0.0,65.91666,2.95,0.04856136,118.7133,1,0,1,1475,230,1,19
267,0,0.0,40.75,7.24,0.03904502,235.5717,1,0,2,2.413333,177,1,13
266,0,0.0,30.5,2.54,0.06521378,137.8692,0,0,0,2.54,25,1,7
265,0,0.0,30.58333,3.5,0.03930543,114.5575,0,0,5,0.5833334,57,1,9
264,0,0.0,26.08333,1.56,0.06123782,79.60917,0,0,2,0.52,13,1,13
263,0,0.0,32.58333,10.0,0.09980781,831.7317,1,0,3,2.5,7,1,28
262,0,0.0,27.83333,3.04,0.03792664,95.9975,0,0,0,3.04,13,1,0
261,0,0.0,28.08333,2.16,0.02572685,46.14167,0,0,2,0.72,7,1,0
260,0,0.0,28.16667,2.8,0.096285,224.5817,0,0,0,2.8,5,0,1
259,0,0.0,46.5,5.0,0.02724,112.9167,1,0,1,2.5,7,1,7
258,0,0.0,26.08333,2.75,0.1835625,420.5808,1,0,1,1375,6,1,11
257,0,0.0,22.33333,2.0,0.164968,274.9467,0,0,0,2.0,13,1,7
256,0,1.0,36.5,1.68,0.138147,193.3225,1,0,0,1.68,44,1,12
255,1,1.0,29.0,2.7,0.0004444444,0.0,0,0,1,1.35,347,0,1
254,0,0.0,36.0,3.7,0.03311243,101.7633,1,0,2,1.233333,6,0,18
253,0,0.0,23.66667,2.3,0.007781739,14.33167,0,0,2,0.7666667,14,0,0
252,1,1.0,35.0,4.55,0.0002637363,0.0,1,0,3,1.1375,36,1,15
251,0,0.0,38.5,3.2618,0.00294316,7.083333,0,0,4,0.65236,18,1,0
250,0,0.0,24.33333,3.0,0.002791667,6.145833,1,0,2,1.0,18,1,6
249,0,0.0,37.41667,2.5,0.0726416,151.3367,0,0,0,2.5,15,1,2
248,0,0.0,21.83333,2.0272,0.02532014,42.69083,0,0,0,2.0272,9,0,5
247,0,1.0,35.75,4.0,0.05119225,170.6408,0,0,2,1.333333,18,1,22
246,0,0.0,46.25,8.94,0.02528568,188295,1,0,0,8.94,96,1,17
245,0,0.0,21.0,2.4663,0.2689328,552.7242,1,0,1,1.23315,12,1,10
244,0,0.0,46.16667,2.58,0.07673334,164.6433,1,0,2,0.86,120,0,15
243,0,0.0,38.41667,2.35,0.06853744,133.9692,0,0,1,1175,72,1,8
242,1,1.0,21.08333,9.9999,0.0001200012,0.0,0,0,2,3.3333,8,0,0
241,0,1.0,28.16667,2.0,0.051839,86.14833,0,0,1,1.0,61,1,2
240,1,0.0,37.08333,7.0,0.1540159,898.4258,1,0,3,1.75,24,1,8
239,1,1.0,25.91667,2.6,0.0004615385,0.0,0,0,3,0.65,36,1,11
238,1,1.0,30.66667,3.0,0.0004,0.0,1,0,1,1.5,28,1,6
237,1,1.0,37.58333,4475,0.0002681564,0.0,0,0,2,1.491667,60,1,15
236,0,0.0,31.41667,3.0,0.06917133,172.5717,1,0,1,1.5,24,1,13
235,1,1.0,36.58333,2.22,0.0005405406,0.0,1,0,2,0.74,4,1,0
234,0,0.0,40.0,4.5,0.09576601,359.1225,0,0,5,0.75,2,1,0
233,1,1.0,54.83333,9.4,0.0001276596,0.0,1,0,1,4.7,94,0,2
232,0,0.0,23.41667,2.7456,0.002403846,4.583333,0,0,0,2.7456,7,1,9
231,0,0.0,25.16667,3.25,0.03124,84275,0,0,0,3.25,6,1,17
230,0,0.0,21.91667,2.2593,0.06498916,122.1917,1,0,0,2.2593,6,1,0
229,0,1.0,55.58333,4.3,0.03501814,125.4817,1,0,0,4.3,6,1,31
228,0,0.0,31.75,3.5,0.01055514,30.36917,1,0,1,1.75,36,1,5
227,0,0.0,22.91667,2.5,0.2395248,498.9267,0,0,0,2.5,2,1,0
226,0,0.0,23.16667,2.6,0.8245508,1786277,0,0,0,2.6,4,1,0
225,0,0.0,45.16667,3.5,0.13624,397.0333,1,0,0,3.5,234,0,2
224,0,0.0,27.25,2.9,0.03821552,91.6875,0,0,0,2.9,9,0,3
223,1,1.0,29.33333,3.5,0.0003428572,0.0,0,0,6,0.5,0,1,2
222,0,0.0,22.58333,2.25,0.01111111,20.08333,0,0,0,2.25,12,1,4
221,1,1.0,23.91667,1.2,1,0.0,0,0,0,1.2,15,0,0
220,0,0.0,57.58333,4.1,0.08389854,286.57,1,0,3,1025,121,1,15
219,1,1.0,23.83333,7.88,0.0001522843,0.0,0,1,4,1576,6,1,9
218,0,0.0,24.83333,2.48,0.1313552,271.4675,0,0,0,2.48,18,1,0
217,0,0.0,28.25,2.3,0.1644965,315.2017,1,0,1,1.15,13,0,4
216,0,0.0,31.91667,4.07,0.06885749,233.0417,0,0,0,4.07,12,1,14
215,1,1.0,33.16667,2.3204,0.0005171522,0.0,0,0,0,2.3204,62,0,3
214,1,1.0,39.33333,3.2,0.000375,0.0,0,0,0,3.2,88,1,7
213,0,0.0,31.25,5.5,0.0708629,324705,1,0,3,1375,6,1,7
212,0,0.0,30.08333,3.67,0.001798365,4.583333,1,0,0,3.67,57,1,3
211,0,0.0,29.83333,2.25,0.106824,199795,0,0,0,2.25,36,1,0
210,1,1.0,23.16667,1.6213,0.0007401468,0.0,0,0,1,0.81065,144,0,4
209,1,1.0,31.66667,7.5,0.00016,0.0,0,0,0,7.5,30,1,7
208,1,1.0,28.16667,1548,0.0007751938,0.0,0,0,3,387,5,0,1
207,0,1.0,42.0,3836,0.103933,332.2392,1,0,3,959,14,1,14
206,0,0.0,34.58333,3.2604,0.02910716,78.75083,0,0,1,1.6302,31,1,6
205,0,0.0,33.08333,4.5,0.104378,391.4175,0,0,1,2.25,36,1,2
204,1,0.0,46.75,2.8,0.0004285714,0.0,1,0,1,1.4,84,1,2
203,1,1.0,35.83333,8.4,0.0001428571,0.0,0,0,2,2.8,69,1,12
202,0,0.0,24.5,2304,0.3747426,719.5059,0,0,0,2304,76,1,2
201,0,0.0,29.58333,1.95,0.004564103,6.5,1,0,2,0.65,96,1,2
200,0,0.0,24.91667,2.4,0.23063,461.26,0,0,1,1.2,164,0,1
199,0,0.0,38.58333,2.6,0.07939731,171.8608,1,0,0,2.6,51,1,9
198,0,0.0,47.33333,2.7495,0.2148416,492.2558,0,0,0,2.7495,156,0,11
197,0,0.0,24.5,2.6,0.06905923,149545,0,1,0,2.6,21,1,2
196,0,0.0,25.16667,1.8,0.09530056,142.9508,0,0,0,1.8,24,0,4
195,1,1.0,27.91667,2.85,0.0004210526,0.0,0,0,0,2.85,60,0,7
194,0,0.0,20.83333,1.92,0.1300521,208.0833,0,0,0,1.92,84,1,6
193,0,0.0,24.33333,3.9,0.09410384,305.8375,0,0,2,1.3,27,1,0
192,0,0.0,20.91667,4.0,0.042129,140.3467,1,0,0,4.0,24,1,4
191,1,1.0,30.83333,2.5,0.00048,0.0,0,0,0,2.5,18,1,6
190,0,0.0,25.25,3.2,0.04542718,121.0558,0,0,0,3.2,4,1,6
189,0,0.0,24.5,2.5,0.2339912,487.4817,0,0,0,2.5,15,0,1
188,0,0.0,24.83333,6.2,0.1706156,881.2642,0,0,0,6.2,12,1,7
187,0,0.0,28.91667,2.1,0.009285714,15.58333,0,0,0,2.1,28,1,5
186,0,0.0,23.0,3.1782,0.09312976,246.5708,0,0,0,3.1782,17,1,3
185,1,1.0,25.16667,1875,0.00064,0.0,0,0,2,625,7,0,2
184,1,0.0,36.58333,5.7,0.1197419,568.7742,1,0,1,2.85,36,1,16
183,0,0.0,20.66667,1.7,0.07420824,105045,0,0,0,1.7,6,1,4
182,0,1.0,20.58333,2.7,0.118307,266.1908,0,0,0,2.7,147,1,22
181,0,1.0,35.83333,2.4,0.02359458,46.60583,0,1,1,1.2,37,1,13
180,0,0.0,37.66667,7.0,0.01116743,64.56,1,0,3,1.75,96,1,5
179,1,1.0,46.16667,2.6,0.0004615385,0.0,0,0,0,2.6,61,1,8
178,1,1.0,56.91667,2.04,0.0005882353,0.0,1,0,0,2.04,35,1,11
177,0,0.0,40.75,2.15,0.1270335,227.6017,0,0,1,1075,67,0,16
176,1,1.0,23.25,2.25,0.0005333333,0.0,0,0,3,0.5625,12,1,0
175,1,1.0,38.75,1.6,0.00075,0.0,0,0,0,1.6,51,1,1
174,1,1.0,23.58333,2425,0.0004948454,0.0,0,1,2,0.8083333,132,1,1
173,0,0.0,33.25,3.0,0.3761903,940.3925,1,0,2,1.0,97,1,4
172,0,0.0,49.16667,3.1144,0.008495376,21465,1,0,1,1.5572,154,0,6
171,1,1.0,53.16667,2.8,0.0004285714,0.0,0,0,1,1.4,156,0,11
170,0,0.0,30.0,2.5,0.0210496,43.43667,1,0,3,625,50,1,14
169,0,1.0,39.08333,3.4224,0.02909975,82.65916,1,0,0,3.4224,41,1,12
168,0,0.0,21.91667,2.3,0.07491956,143.4292,1,0,2,0.7666667,24,1,10
167,0,0.0,40.33333,8.2,0.02820012,192.4508,1,0,3,2.05,172,1,15
166,1,0.0,35.75,4.14,0.1375309,474065,1,0,0,4.14,12,1,18
165,0,0.0,28.5,3.4,0.02121324,59.85417,0,0,0,3.4,207,1,4
164,1,0.0,63.5,6.4532,0.0001859543,0.0,1,0,0,6.4532,42,1,13
163,0,0.0,49.66667,4.96,0.1054817,435.9908,1,0,4,992,168,1,7
162,0,1.0,58.91667,2.7,0.003222222,6.416667,1,0,0,2.7,252,1,8
161,0,0.0,32.16667,3805,0.008436268,26.0,1,0,0,3805,51,1,7
160,1,1.0,31.66667,3.0,0.0004,0.0,0,0,0,3.0,12,0,0
159,0,0.0,32.83333,2.55,0.04792941,101.6833,0,0,2,0.85,6,1,18
158,0,0.0,29.33333,2.5,0.1795448,374.0517,1,0,0,2.5,70,1,9
157,0,0.0,39.33333,2.0,0.049059,81265,1,0,2,0.6666666,200,1,9
156,0,0.0,26.91667,1.9,0.02667368,41.81667,0,0,0,1.9,18,1,9
155,0,0.0,23.08333,2.95,0.03642203,89.37083,1,0,0,2.95,12,1,17
154,0,0.0,25.41667,3.0,0.01046967,25.5075,0,0,2,1.0,3,1,11
153,0,1.0,28.5,3.0,0.029469,73.1725,0,0,0,3.0,51,1,5
152,0,0.0,37.75,5.0,0.0452946,188.7275,1,0,4,1.0,36,1,25
151,0,0.0,38.5,5.5689,0.04341593,201.4825,0,0,3,1.392225,30,1,7
150,0,0.0,32.16667,3.0,0.1178903,294.5592,1,0,2,1.0,9,1,0
149,1,1.0,24.16667,2.7885,0.0004303389,0.0,0,0,0,2.7885,4,1,0
148,0,0.0,18.16667,2.82,0.0418539,97.94,0,0,0,2.82,2,0,1
147,0,0.0,21.41667,1.56,0.06716603,87.14917,0,0,0,1.56,24,0,5
146,0,0.0,47.08333,4.5,0.1395,523125,1,0,0,4.5,3,1,13
145,0,0.0,23.83333,3.3,0.06044576,166.0592,0,0,0,3.3,2,1,5
144,1,1.0,33.0,1.77,0.0006779661,0.0,0,0,0,1.77,102,1,1
143,1,1.0,25.83333,1.59,0.000754717,0.0,0,0,0,1.59,87,1,9
142,1,1.0,42.58333,2.2845,0.000525279,0.0,0,0,2,0.7615,46,1,0
141,0,0.0,22.0,3.1532,0.03821515,99.91666,0,0,0,3.1532,14,0,3
140,1,1.0,25.41667,1.7,0.0007058823,0.0,0,0,2,0.5666667,8,0,11
139,1,1.0,32.58333,6.5,0.0001846154,0.0,1,0,0,6.5,50,1,6
138,0,0.0,51.83333,3.6,0.070965,212.4783,1,0,1,1.8,125,1,13
137,0,0.0,32.66667,3.7,0.004068919,11.7125,1,0,2,1.233333,30,1,15
136,0,1.0,40.41667,2448,0.2090833,426.4467,1,0,1,1224,41,1,12
135,0,0.0,26.25,3.1894,0.09721233,258.2908,0,0,0,3.1894,10,1,11
134,0,0.0,25.25,2.1,0.1102229,192.64,0,0,0,2.1,4,1,8
133,0,0.0,27.75,2.65,0.07259849,159655,0,0,0,2.65,8,1,0
132,0,0.0,22.66667,2.1,0.179709,314.4908,0,0,0,2.1,12,0,4
131,1,1.0,19.58333,2.1,0.0005714286,0.0,0,0,0,2.1,124,1,2
130,1,1.0,34.16667,3.5995,0.0003333796,0.0,0,0,4,0.7199,14,1,0
129,1,1.0,24.25,2.0,0.0006,0.0,0,0,0,2.0,52,0,3
128,0,0.0,46.91667,3.4,0.03101882,87.63667,0,0,0,3.4,42,1,4
127,0,0.0,24.08333,2.9,0.04706862,113.2492,1,0,0,2.9,60,1,3
126,1,1.0,23.08333,2.6,0.0004615385,0.0,0,1,0,2.6,37,1,7
125,0,0.0,54.75,3.4,0.07603735,215.4392,0,0,1,1.7,12,1,7
124,0,0.0,22.33333,2.8,0.08228679,191.8358,0,0,0,2.8,4,1,0
123,0,0.0,23.41667,1.86,0.2670521,413.5975,0,0,0,1.86,3,1,4
122,0,0.0,54.08333,2.5,0.009122,18.25417,1,0,1,1.25,102,0,13
121,0,0.0,23.0,1.8,0.111475,167.2125,0,0,0,1.8,6,1,0
120,1,1.0,37.5,2.6,0.0004615385,0.0,0,0,0,2.6,40,1,14
119,1,1.0,28.0,2236,0.0005366727,0.0,0,0,0,2236,72,1,11
118,0,0.0,25.33333,2.1,0.1966748,344.1808,1,0,1,1.05,22,1,19
117,0,0.0,31.41667,3.56,0.03320618,98345,0,0,0,3.56,72,1,9
116,0,1.0,24.58333,2.8,0.06297679,146.8625,0,0,0,2.8,14,1,11
115,0,0.0,52.33333,3328,0.02882272,79685,1,0,1,1664,243,1,3
114,0,1.0,32.5,10.0,0.03704,308.25,1,0,3,2.5,35,1,4
113,1,0.0,36.83333,3.3,0.1568097,431.1433,0,0,0,3.3,3,1,0
112,0,0.0,26.0,2.2,0.06259273,114.2533,0,0,1,1.1,28,1,10
111,0,0.0,33.75,2.9,0.104841,253.3658,1,0,2,0.9666667,14,1,20
110,0,0.0,54.25,6.8,0.1005738,569.9183,0,0,0,6.8,24,1,15
109,0,0.0,31.33333,3.0,0.020658,51645,1,0,2,1.0,44,0,12
108,0,0.0,25.5,2.9,0.08015586,193.2933,0,0,0,2.9,2,1,0
107,0,0.0,43.41667,2.4,0.03435875,68.38417,0,0,0,2.4,12,1,0
106,1,1.0,80.16666,1.5,0.0008,0.0,0,0,0,1.5,24,1,0
105,0,0.0,42.08333,5.5,0.07068036,323.9517,0,0,0,5.5,98,1,4
104,0,0.0,38.5,2.6,0.3961604,858.3475,0,0,0,2.6,33,1,16
103,0,0.0,32.25,2.0,0.073052,121.3367,1,0,1,1.0,24,1,2
102,1,0.0,23.75,1.5678,0.0007654037,0.0,1,0,1,0.7839,6,1,0
101,0,0.0,45.66667,3224,0.333848,896.9384,1,0,5,0.5373334,168,0,9
100,0,0.0,30.08333,1.95,0.1804298,292.9483,0,0,0,1.95,50,1,10
99,0,0.0,38.25,2.3,0.0676087,129.4167,1,0,0,2.3,3,1,3
98,1,1.0,27.41667,3.6,0.0003333333,0.0,0,0,0,3.6,18,1,2
97,0,0.0,43.66667,10.0393,0.02186308,182825,1,0,1,5.01965,12,1,18
96,0,0.0,36.75,3.0,0.032497,80.82584,1,0,3,0.75,134,0,4
95,0,0.0,34.0,3.7,0.1893335,583.7783,1,1,2,1.233333,5,1,2
94,1,1.0,26.41667,3.5,0.0003428572,0.0,0,0,0,3.5,14,0,27
93,0,0.0,25.16667,3.42,0.008915205,24575,0,0,0,3.42,3,1,0
92,0,0.0,32.25,3.6208,0.04983705,150.2917,1,0,3,0.9052,97,1,13
91,1,1.0,21.66667,5.1,0.0002352941,0.0,0,0,0,5.1,25,1,0
90,0,0.0,32.33333,4.5,0.09166333,343.6542,0,0,0,4.5,48,1,4
89,0,1.0,34.41667,5.0,0.1640628,683.4283,1,1,1,2.5,108,1,6
88,1,1.0,19.83333,1.92,0.000625,0.0,0,0,0,1.92,6,0,4
87,0,0.0,21.41667,1.6,0.2893312,385775,0,0,0,1.6,192,1,3
86,1,1.0,37.83333,5.16,0.0002325581,0.0,1,1,0,5.16,86,1,1
85,1,1.0,33.0,7.5,0.00016,0.0,0,0,0,7.5,24,1,8
84,1,1.0,66.5,3.25,0.0003692308,0.0,1,0,3,0.8125,300,1,13
83,1,1.0,63.41667,2.1375,0.0005614035,0.0,1,0,0,2.1375,240,1,7
82,0,0.0,52.66667,3.0,0.039573,98.6825,1,0,1,1.5,220,1,8
81,0,0.0,33.91667,2.1888,0.1483196,270.3683,0,0,0,2.1888,15,1,7
80,0,0.0,25.58333,2.8,0.3252597,758.9391,0,0,0,2.8,2,1,7
79,1,1.0,53.0,11.0,0.0001090909,0.0,1,1,0,11.0,429,1,0
78,0,0.0,24.25,2.6,0.2969185,643.3233,0,0,1,1.3,10,1,11
77,1,1.0,33.08333,1939,0.0006188757,0.0,0,0,1,0.9695,96,1,5
76,0,0.0,42.75,3.2,0.1080344,287.7583,1,0,0,3.2,68,1,9
75,0,0.0,34.25,2.0,0.131112,218.52,1,0,0,2.0,12,1,0
74,0,0.0,30.41667,2.0,0.0048,7.083333,1,0,3,0.5,45,1,14
73,0,0.0,31.25,4.8,0.1011433,404.49,1,0,0,4.8,30,1,13
72,0,0.0,24.25,2.13,0.02122066,37.08333,0,0,1,1065,13,1,4
71,0,0.0,34.25,3.0,0.5409953,1352488,1,0,0,3.0,72,1,3
70,0,0.0,23.75,3.0,0.016826,41.48167,0,0,3,0.75,18,1,3
69,0,0.0,48.16667,2.3,0.2265,434125,1,0,0,2.3,72,0,2
68,0,0.0,23.08333,2.56,0.1502422,320.5167,0,0,1,1.28,11,1,2
67,0,0.0,20.66667,2.7,0.06984445,156.9,0,0,1,1.35,38,1,10
66,0,0.0,25.41667,1.6417,0.3715959,508.2908,0,0,0,1.6417,19,1,9
65,0,0.0,24.5,3.06,0.1705402,434.8775,0,0,0,3.06,3,1,0
64,1,1.0,41.33333,4.44,0.0002702703,0.0,1,0,2,1.48,98,1,3
63,0,1.0,30.33333,1.99,0.2490915,412.9933,0,0,0,1.99,82,1,8
62,0,0.0,28.16667,4.7,0.2421564,948.3625,1,0,0,4.7,6,1,19
61,0,1.0,21.58333,2.46,0.1409972,289.0442,0,0,1,1.23,4,1,11
60,0,0.0,51.33333,4.53,0.0121468,45.35417,1,0,4,906,126,0,5
59,0,0.0,21.16667,1.5,0.02655333,32775,0,0,0,1.5,20,1,4
58,0,0.0,29.83333,3.0,0.01855033,45.87583,1,0,2,1.0,28,1,4
57,1,1.0,35.25,1.7,0.0007058823,0.0,1,0,3,425,135,0,25
56,0,0.0,40.83333,2.6,0.004230769,8.333333,1,0,0,2.6,52,1,3
55,0,1.0,25.33333,4.55,0.04465253,169.0575,1,0,1,2275,42,1,10
54,1,1.0,32.41667,2.06,0.0005825243,0.0,0,0,0,2.06,48,1,8
53,1,0.0,23.0,2.9,0.0004137931,0.0,0,0,1,1.45,12,1,0
52,0,0.0,27.58333,3.2,0.1177562,313.4333,0,0,0,3.2,24,1,2
51,1,1.0,45.41667,2.35,0.0005106383,0.0,0,0,0,2.35,36,1,15
50,0,1.0,44.5,4.0,0.01795825,59.19417,1,0,0,4.0,36,1,13
49,0,0.0,28.41667,3.2,0.01978,52.58,0,0,0,3.2,65,1,18
48,0,0.0,31.5,1.6,0.2253456,300.4608,0,0,0,1.6,6,1,8
47,0,1.0,26.33333,2.95,0.1325831,325.85,0,0,0,2.95,24,1,5
46,0,0.0,23.08333,2.04,0.1794971,304895,0,0,0,2.04,12,1,9
45,0,0.0,32.0,3.05,0.0501859,127.4725,0,0,0,3.05,62,0,10
44,0,0.0,52.25,1.8744,0.0552038,85.97833,1,0,0,1.8744,250,1,4
43,0,0.0,24.91667,2.3,0.08519435,163.0392,0,0,0,2.3,26,1,7
42,1,0.0,35.25,6.0,0.4582348,2291174,0,0,2,2.0,10,1,0
41,0,0.0,35.58333,2.0,0.192044,319.49,0,0,0,2.0,156,1,4
40,0,0.0,41.91667,5.0,0.24272,1011333,0,0,1,2.5,36,1,5
39,0,0.0,45.08333,3.9,0.09064,294.58,0,0,0,3.9,120,1,12
38,0,0.0,27.08333,4.1,0.115781,395585,1,0,2,1.366667,41,1,14
37,0,0.0,62.5,2.6545,0.1037453,229.4933,0,0,0,2.6545,100,1,1
36,0,0.0,32.83333,3.7,0.008998919,26.99667,0,1,0,3.7,60,1,7
35,1,1.0,33.58333,2.55,0.0004705882,0.0,0,0,3,0.6375,36,1,0
34,1,1.0,45.5,6.5,0.0001846154,0.0,0,0,2,2.166667,34,1,9
33,1,0.0,32.0,2.4,0.0005,0.0,0,0,1,1.2,11,1,8
32,0,0.0,34.58333,7.0,0.03546543,206.3817,0,1,6,1.0,63,1,3
31,0,0.0,28.08333,2.1,0.09068,158.6067,1,0,1,1.05,24,0,11
30,0,1.0,37.08333,3.0,0.003666667,8.333333,0,0,0,3.0,60,1,9
29,0,0.0,35.58333,3.58,0.0519919,154.8592,1,0,2,1.193333,123,1,7
28,0,0.0,22.83333,2.0,0.0229845,37.97417,0,0,0,2.0,25,1,11
27,0,0.0,25.16667,1.5,0.08980467,111.8392,1,0,1,0.75,14,1,19
26,1,1.0,40.16667,3.7099,0.0003234589,0.0,0,0,2,1.236633,15,1,11
25,0,0.0,33.25,2.42,0.005216942,9.854167,0,0,3,605,34,1,13
24,1,1.0,35.91667,1.85,0.0006486487,0.0,0,0,0,1.85,62,0,0
23,0,0.0,45.08333,4.6,0.07776695,298.0233,0,0,2,1.533333,72,1,5
22,0,0.0,29.0,2.5,0.5263956,1096657,0,0,0,2.5,12,1,14
21,0,0.0,63.75,6.0,0.001833333,8.333333,0,0,0,6.0,50,1,14
20,0,1.0,56.75,7572,0.006669308,41.33333,1,1,2,2524,39,1,18
19,1,1.0,21.66667,3.84,0.0003125,0.0,0,1,1,1.92,12,0,1
18,1,1.0,24.33333,4.1,0.0002926829,0.0,0,0,1,2.05,5,0,4
17,1,1.0,30.75,2315,0.0005183585,0.0,0,0,1,1.1575,17,1,8
16,1,1.0,41.83333,3.5,0.0003428572,0.0,0,0,0,3.5,54,1,0
15,0,0.0,26.08333,2375,0.142851,282.7258,0,1,1,1.1875,114,1,1
14,0,0.0,31.25,4.2,0.04768381,166.7267,1,0,0,4.2,53,1,0
13,1,1.0,34.75,2.67,0.0004494382,0.0,0,0,0,2.67,51,1,25
12,0,0.0,35.33333,3.0,0.054018,135045,0,0,1,1.5,6,1,8
11,0,0.0,30.08333,2.7,0.01248148,27.41667,0,0,2,0.9,1,1,8
10,0,1.0,29.41667,2.1,0.07229714,126.1033,1,0,3,525,90,0,5
9,1,1.0,22.66667,1.5,0.0008,0.0,0,0,3,375,14,1,4
8,0,0.0,20.25,2.0,0.204897,341245,0,0,0,2.0,24,1,7
7,0,1.0,23.25,1.8769,0.3536299,553.1067,0,0,0,1.8769,12,1,3
6,1,1.0,34.25,1944,0.000617284,0.0,0,0,1,972,54,1,1
5,0,0.0,28.16667,3.35,0.07162478,199.3692,1,0,0,3.35,18,1,2
4,0,0.0,40.33333,3067,0.1596997,408.0825,0,0,2,1.022333,18,0,0
3,1,1.0,27.41667,1.6,0.00075,0.0,1,0,1,0.8,30,0,0
2,0,1.0,24.25,3.5,0.06996286,203.8917,0,0,0,3.5,60,1,11
1,0,0.0,27.08333,2.4,0.01679833,33.01333,0,0,0,2.4,56,1,1
